# Model roboczy domu z aktualnymi oknami. Units: meters. Z-up.
mtllib dom_materialy.mtl
o SCIANY_rdzenie_01
g 01_SCIANY_RDZENIE
usemtl sciany
v 16.0100000 1.3600000 0.0000000
v 16.0100000 1.6600000 0.0000000
v 16.3100000 1.6600000 0.0000000
v 16.3100000 1.3600000 0.0000000
v 16.0100000 1.3600000 3.1000000
v 16.0100000 1.6600000 3.1000000
v 16.3100000 1.6600000 3.1000000
v 16.3100000 1.3600000 3.1000000
f 3 4 1
f 2 3 1
f 5 8 7
f 5 7 6
f 5 6 1
f 1 6 2
f 6 7 2
f 2 7 3
f 8 5 4
f 4 5 1
f 7 8 3
f 3 8 4
o SCIANY_rdzenie_02
g 01_SCIANY_RDZENIE
usemtl sciany
v 10.0100000 0.5600000 0.0000000
v 10.0100000 3.0100000 0.0000000
v 10.3100000 3.0100000 0.0000000
v 10.3100000 2.9600000 0.0000000
v 12.9339000 2.9600000 0.0000000
v 12.9339000 2.6600000 0.0000000
v 10.3100000 2.6600000 0.0000000
v 10.3100000 0.2600000 0.0000000
v 9.4100000 0.2600000 0.0000000
v 9.4100000 0.5600000 0.0000000
v 10.0100000 0.5600000 3.1000000
v 10.0100000 3.0100000 3.1000000
v 10.3100000 3.0100000 3.1000000
v 10.3100000 2.9600000 3.1000000
v 12.9339000 2.9600000 3.1000000
v 12.9339000 2.6600000 3.1000000
v 10.3100000 2.6600000 3.1000000
v 10.3100000 0.2600000 3.1000000
v 9.4100000 0.2600000 3.1000000
v 9.4100000 0.5600000 3.1000000
f 17 18 9
f 16 17 9
f 15 16 9
f 13 14 15
f 12 13 15
f 10 11 12
f 9 10 12
f 15 9 12
f 19 28 27
f 19 27 26
f 19 26 25
f 25 24 23
f 25 23 22
f 22 21 20
f 22 20 19
f 22 19 25
f 19 20 9
f 9 20 10
f 20 21 10
f 10 21 11
f 21 22 11
f 11 22 12
f 22 23 12
f 12 23 13
f 23 24 13
f 13 24 14
f 24 25 14
f 14 25 15
f 25 26 15
f 15 26 16
f 26 27 16
f 16 27 17
f 28 19 18
f 18 19 9
f 27 28 17
f 17 28 18
o SCIANY_rdzenie_03
g 01_SCIANY_RDZENIE
usemtl sciany
v 14.4339000 4.4600000 0.0000000
v 14.4339000 4.6100000 0.0000000
v 14.9600000 4.6100000 0.0000000
v 14.9600000 5.6200000 0.0000000
v 14.9600000 5.9200000 0.0000000
v 19.0600000 5.9200000 0.0000000
v 19.0600000 5.6200000 0.0000000
v 19.0600000 5.5400000 0.0000000
v 18.7600000 5.5400000 0.0000000
v 18.7600000 5.6200000 0.0000000
v 16.7600000 5.6200000 0.0000000
v 16.6100000 5.6200000 0.0000000
v 15.1100000 5.6200000 0.0000000
v 15.1100000 2.9600000 0.0000000
v 16.6100000 2.9600000 0.0000000
v 16.6100000 4.6200000 0.0000000
v 16.7600000 4.6200000 0.0000000
v 16.7600000 2.9600000 0.0000000
v 17.7600000 2.9600000 0.0000000
v 18.7614000 2.9600000 0.0000000
v 18.7614000 4.5400000 0.0000000
v 19.0600000 4.5400000 0.0000000
v 19.0600000 4.4600000 0.0000000
v 20.1850000 4.4600000 0.0000000
v 20.1850000 4.3100000 0.0000000
v 19.0600000 4.3100000 0.0000000
v 19.0600000 0.5600000 0.0000000
v 19.5975000 0.5600000 0.0000000
v 19.5975000 0.2600000 0.0000000
v 18.7600000 0.2600000 0.0000000
v 18.7600000 2.6600000 0.0000000
v 17.7600000 2.6600000 0.0000000
v 16.7600000 2.6600000 0.0000000
v 14.4339000 2.6600000 0.0000000
v 14.4339000 2.9600000 0.0000000
v 14.9600000 2.9600000 0.0000000
v 14.9600000 4.4600000 0.0000000
v 14.4339000 4.4600000 3.1000000
v 14.4339000 4.6100000 3.1000000
v 14.9600000 4.6100000 3.1000000
v 14.9600000 5.6200000 3.1000000
v 14.9600000 5.9200000 3.1000000
v 19.0600000 5.9200000 3.1000000
v 19.0600000 5.6200000 3.1000000
v 19.0600000 5.5400000 3.1000000
v 18.7600000 5.5400000 3.1000000
v 18.7600000 5.6200000 3.1000000
v 16.7600000 5.6200000 3.1000000
v 16.6100000 5.6200000 3.1000000
v 15.1100000 5.6200000 3.1000000
v 15.1100000 2.9600000 3.1000000
v 16.6100000 2.9600000 3.1000000
v 16.6100000 4.6200000 3.1000000
v 16.7600000 4.6200000 3.1000000
v 16.7600000 2.9600000 3.1000000
v 17.7600000 2.9600000 3.1000000
v 18.7614000 2.9600000 3.1000000
v 18.7614000 4.5400000 3.1000000
v 19.0600000 4.5400000 3.1000000
v 19.0600000 4.4600000 3.1000000
v 20.1850000 4.4600000 3.1000000
v 20.1850000 4.3100000 3.1000000
v 19.0600000 4.3100000 3.1000000
v 19.0600000 0.5600000 3.1000000
v 19.5975000 0.5600000 3.1000000
v 19.5975000 0.2600000 3.1000000
v 18.7600000 0.2600000 3.1000000
v 18.7600000 2.6600000 3.1000000
v 17.7600000 2.6600000 3.1000000
v 16.7600000 2.6600000 3.1000000
v 14.4339000 2.6600000 3.1000000
v 14.4339000 2.9600000 3.1000000
v 14.9600000 2.9600000 3.1000000
v 14.9600000 4.4600000 3.1000000
f 62 63 64
f 61 62 64
f 60 61 64
f 59 60 64
f 56 57 58
f 55 56 58
f 54 55 58
f 52 53 54
f 51 52 54
f 49 50 51
f 48 49 51
f 44 45 46
f 43 44 46
f 36 37 38
f 35 36 38
f 34 35 38
f 33 34 38
f 29 30 31
f 65 29 31
f 54 58 59
f 51 54 59
f 48 51 59
f 47 48 59
f 46 47 59
f 43 46 59
f 42 43 59
f 33 38 39
f 42 59 64
f 41 42 64
f 33 39 40
f 41 64 65
f 33 40 41
f 32 33 41
f 31 32 41
f 65 31 41
f 101 100 99
f 101 99 98
f 101 98 97
f 101 97 96
f 95 94 93
f 95 93 92
f 95 92 91
f 91 90 89
f 91 89 88
f 88 87 86
f 88 86 85
f 83 82 81
f 83 81 80
f 75 74 73
f 75 73 72
f 75 72 71
f 75 71 70
f 68 67 66
f 68 66 102
f 96 95 91
f 96 91 88
f 96 88 85
f 96 85 84
f 96 84 83
f 96 83 80
f 96 80 79
f 76 75 70
f 101 96 79
f 101 79 78
f 77 76 70
f 102 101 78
f 78 77 70
f 78 70 69
f 78 69 68
f 78 68 102
f 66 67 29
f 29 67 30
f 67 68 30
f 30 68 31
f 68 69 31
f 31 69 32
f 69 70 32
f 32 70 33
f 70 71 33
f 33 71 34
f 71 72 34
f 34 72 35
f 72 73 35
f 35 73 36
f 73 74 36
f 36 74 37
f 74 75 37
f 37 75 38
f 75 76 38
f 38 76 39
f 76 77 39
f 39 77 40
f 77 78 40
f 40 78 41
f 78 79 41
f 41 79 42
f 79 80 42
f 42 80 43
f 80 81 43
f 43 81 44
f 81 82 44
f 44 82 45
f 82 83 45
f 45 83 46
f 83 84 46
f 46 84 47
f 84 85 47
f 47 85 48
f 85 86 48
f 48 86 49
f 86 87 49
f 49 87 50
f 87 88 50
f 50 88 51
f 88 89 51
f 51 89 52
f 89 90 52
f 52 90 53
f 90 91 53
f 53 91 54
f 91 92 54
f 54 92 55
f 92 93 55
f 55 93 56
f 93 94 56
f 56 94 57
f 94 95 57
f 57 95 58
f 95 96 58
f 58 96 59
f 96 97 59
f 59 97 60
f 97 98 60
f 60 98 61
f 98 99 61
f 61 99 62
f 99 100 62
f 62 100 63
f 100 101 63
f 63 101 64
f 102 66 65
f 65 66 29
f 101 102 64
f 64 102 65
o SCIANY_rdzenie_04
g 01_SCIANY_RDZENIE
usemtl sciany
v 9.9100000 5.9200000 0.0000000
v 12.9600000 5.9200000 0.0000000
v 12.9600000 5.6200000 0.0000000
v 12.9600000 4.6100000 0.0000000
v 13.4339000 4.6100000 0.0000000
v 13.4339000 4.4600000 0.0000000
v 12.8100000 4.4600000 0.0000000
v 12.8100000 5.6200000 0.0000000
v 10.3100000 5.6200000 0.0000000
v 10.3100000 4.0100000 0.0000000
v 10.0100000 4.0100000 0.0000000
v 10.0100000 4.0600000 0.0000000
v 7.0100000 4.0600000 0.0000000
v 7.0100000 0.5600000 0.0000000
v 7.6100000 0.5600000 0.0000000
v 7.6100000 0.2600000 0.0000000
v 6.7100000 0.2600000 0.0000000
v 6.7100000 1.8692000 0.0000000
v 6.0350000 1.8692000 0.0000000
v 6.0350000 2.1692000 0.0000000
v 6.7100000 2.1692000 0.0000000
v 6.7100000 8.7509000 0.0000000
v 5.1100000 8.7509000 0.0000000
v 5.1100000 8.9009000 0.0000000
v 6.7100000 8.9009000 0.0000000
v 6.7100000 11.3600000 0.0000000
v 2.9600000 11.3600000 0.0000000
v 2.9600000 9.3600000 0.0000000
v 2.9600000 8.9009000 0.0000000
v 4.1100000 8.9009000 0.0000000
v 4.1100000 8.7509000 0.0000000
v 2.8100000 8.7509000 0.0000000
v 2.8100000 9.3600000 0.0000000
v 0.5600000 9.3600000 0.0000000
v 0.5600000 8.1450000 0.0000000
v 0.2600000 8.1450000 0.0000000
v 0.2600000 9.6600000 0.0000000
v 2.6600000 9.6600000 0.0000000
v 2.6600000 11.6600000 0.0000000
v 7.0100000 11.6600000 0.0000000
v 7.0100000 9.6600000 0.0000000
v 7.7100000 9.6600000 0.0000000
v 7.7100000 9.3600000 0.0000000
v 7.0100000 9.3600000 0.0000000
v 7.0100000 5.9200000 0.0000000
v 8.9100000 5.9200000 0.0000000
v 8.9100000 5.6200000 0.0000000
v 7.0100000 5.6200000 0.0000000
v 7.0100000 4.2100000 0.0000000
v 10.0100000 4.2100000 0.0000000
v 10.0100000 5.6200000 0.0000000
v 9.9100000 5.6200000 0.0000000
v 9.9100000 5.9200000 3.1000000
v 12.9600000 5.9200000 3.1000000
v 12.9600000 5.6200000 3.1000000
v 12.9600000 4.6100000 3.1000000
v 13.4339000 4.6100000 3.1000000
v 13.4339000 4.4600000 3.1000000
v 12.8100000 4.4600000 3.1000000
v 12.8100000 5.6200000 3.1000000
v 10.3100000 5.6200000 3.1000000
v 10.3100000 4.0100000 3.1000000
v 10.0100000 4.0100000 3.1000000
v 10.0100000 4.0600000 3.1000000
v 7.0100000 4.0600000 3.1000000
v 7.0100000 0.5600000 3.1000000
v 7.6100000 0.5600000 3.1000000
v 7.6100000 0.2600000 3.1000000
v 6.7100000 0.2600000 3.1000000
v 6.7100000 1.8692000 3.1000000
v 6.0350000 1.8692000 3.1000000
v 6.0350000 2.1692000 3.1000000
v 6.7100000 2.1692000 3.1000000
v 6.7100000 8.7509000 3.1000000
v 5.1100000 8.7509000 3.1000000
v 5.1100000 8.9009000 3.1000000
v 6.7100000 8.9009000 3.1000000
v 6.7100000 11.3600000 3.1000000
v 2.9600000 11.3600000 3.1000000
v 2.9600000 9.3600000 3.1000000
v 2.9600000 8.9009000 3.1000000
v 4.1100000 8.9009000 3.1000000
v 4.1100000 8.7509000 3.1000000
v 2.8100000 8.7509000 3.1000000
v 2.8100000 9.3600000 3.1000000
v 0.5600000 9.3600000 3.1000000
v 0.5600000 8.1450000 3.1000000
v 0.2600000 8.1450000 3.1000000
v 0.2600000 9.6600000 3.1000000
v 2.6600000 9.6600000 3.1000000
v 2.6600000 11.6600000 3.1000000
v 7.0100000 11.6600000 3.1000000
v 7.0100000 9.6600000 3.1000000
v 7.7100000 9.6600000 3.1000000
v 7.7100000 9.3600000 3.1000000
v 7.0100000 9.3600000 3.1000000
v 7.0100000 5.9200000 3.1000000
v 8.9100000 5.9200000 3.1000000
v 8.9100000 5.6200000 3.1000000
v 7.0100000 5.6200000 3.1000000
v 7.0100000 4.2100000 3.1000000
v 10.0100000 4.2100000 3.1000000
v 10.0100000 5.6200000 3.1000000
v 9.9100000 5.6200000 3.1000000
f 153 154 103
f 148 149 150
f 147 148 150
f 144 145 146
f 143 144 146
f 137 138 139
f 136 137 139
f 135 136 139
f 132 133 134
f 131 132 134
f 130 131 134
f 129 130 134
f 125 126 127
f 124 125 127
f 121 122 123
f 120 121 123
f 117 118 119
f 116 117 119
f 115 116 119
f 112 113 114
f 111 112 114
f 107 108 109
f 106 107 109
f 105 106 109
f 104 105 109
f 153 103 104
f 135 139 140
f 129 134 135
f 115 119 120
f 104 109 110
f 135 140 141
f 129 135 141
f 128 129 141
f 115 120 123
f 104 110 111
f 153 104 111
f 152 153 111
f 128 141 142
f 127 128 142
f 124 127 142
f 123 124 142
f 152 111 114
f 151 152 114
f 123 142 143
f 151 114 115
f 123 143 146
f 151 115 123
f 150 151 123
f 147 150 123
f 146 147 123
f 155 206 205
f 202 201 200
f 202 200 199
f 198 197 196
f 198 196 195
f 191 190 189
f 191 189 188
f 191 188 187
f 186 185 184
f 186 184 183
f 186 183 182
f 186 182 181
f 179 178 177
f 179 177 176
f 175 174 173
f 175 173 172
f 171 170 169
f 171 169 168
f 171 168 167
f 166 165 164
f 166 164 163
f 161 160 159
f 161 159 158
f 161 158 157
f 161 157 156
f 156 155 205
f 192 191 187
f 187 186 181
f 172 171 167
f 162 161 156
f 193 192 187
f 193 187 181
f 193 181 180
f 175 172 167
f 163 162 156
f 163 156 205
f 163 205 204
f 194 193 180
f 194 180 179
f 194 179 176
f 194 176 175
f 166 163 204
f 166 204 203
f 195 194 175
f 167 166 203
f 198 195 175
f 175 167 203
f 175 203 202
f 175 202 199
f 175 199 198
f 155 156 103
f 103 156 104
f 156 157 104
f 104 157 105
f 157 158 105
f 105 158 106
f 158 159 106
f 106 159 107
f 159 160 107
f 107 160 108
f 160 161 108
f 108 161 109
f 161 162 109
f 109 162 110
f 162 163 110
f 110 163 111
f 163 164 111
f 111 164 112
f 164 165 112
f 112 165 113
f 165 166 113
f 113 166 114
f 166 167 114
f 114 167 115
f 167 168 115
f 115 168 116
f 168 169 116
f 116 169 117
f 169 170 117
f 117 170 118
f 170 171 118
f 118 171 119
f 171 172 119
f 119 172 120
f 172 173 120
f 120 173 121
f 173 174 121
f 121 174 122
f 174 175 122
f 122 175 123
f 175 176 123
f 123 176 124
f 176 177 124
f 124 177 125
f 177 178 125
f 125 178 126
f 178 179 126
f 126 179 127
f 179 180 127
f 127 180 128
f 180 181 128
f 128 181 129
f 181 182 129
f 129 182 130
f 182 183 130
f 130 183 131
f 183 184 131
f 131 184 132
f 184 185 132
f 132 185 133
f 185 186 133
f 133 186 134
f 186 187 134
f 134 187 135
f 187 188 135
f 135 188 136
f 188 189 136
f 136 189 137
f 189 190 137
f 137 190 138
f 190 191 138
f 138 191 139
f 191 192 139
f 139 192 140
f 192 193 140
f 140 193 141
f 193 194 141
f 141 194 142
f 194 195 142
f 142 195 143
f 195 196 143
f 143 196 144
f 196 197 144
f 144 197 145
f 197 198 145
f 145 198 146
f 198 199 146
f 146 199 147
f 199 200 147
f 147 200 148
f 200 201 148
f 148 201 149
f 201 202 149
f 149 202 150
f 202 203 150
f 150 203 151
f 203 204 151
f 151 204 152
f 204 205 152
f 152 205 153
f 206 155 154
f 154 155 103
f 205 206 153
f 153 206 154
o SCIANY_rdzenie_05
g 01_SCIANY_RDZENIE
usemtl sciany
v 0.2600000 5.1542000 0.0000000
v 0.2600000 6.6750000 0.0000000
v 0.5600000 6.6750000 0.0000000
v 0.5600000 5.1542000 0.0000000
v 0.2600000 5.1542000 3.1000000
v 0.2600000 6.6750000 3.1000000
v 0.5600000 6.6750000 3.1000000
v 0.5600000 5.1542000 3.1000000
f 209 210 207
f 208 209 207
f 211 214 213
f 211 213 212
f 211 212 207
f 207 212 208
f 212 213 208
f 208 213 209
f 214 211 210
f 210 211 207
f 213 214 209
f 209 214 210
o SCIANY_rdzenie_06
g 01_SCIANY_RDZENIE
usemtl sciany
v 0.9350000 2.1692000 0.0000000
v 0.9350000 1.8692000 0.0000000
v 0.2600000 1.8692000 0.0000000
v 0.2600000 3.6842000 0.0000000
v 0.5600000 3.6842000 0.0000000
v 0.5600000 2.1692000 0.0000000
v 0.9350000 2.1692000 3.1000000
v 0.9350000 1.8692000 3.1000000
v 0.2600000 1.8692000 3.1000000
v 0.2600000 3.6842000 3.1000000
v 0.5600000 3.6842000 3.1000000
v 0.5600000 2.1692000 3.1000000
f 218 219 220
f 217 218 220
f 216 217 220
f 215 216 220
f 226 225 224
f 226 224 223
f 226 223 222
f 226 222 221
f 221 222 215
f 215 222 216
f 222 223 216
f 216 223 217
f 223 224 217
f 217 224 218
f 224 225 218
f 218 225 219
f 226 221 220
f 220 221 215
f 225 226 219
f 219 226 220
o SCIANY_rdzenie_07
g 01_SCIANY_RDZENIE
usemtl sciany
v 12.6600000 9.6600000 0.0000000
v 12.6600000 10.6600000 0.0000000
v 13.2600000 10.6600000 0.0000000
v 13.2600000 10.3600000 0.0000000
v 12.9600000 10.3600000 0.0000000
v 12.9600000 9.3600000 0.0000000
v 12.2236000 9.3600000 0.0000000
v 10.2750000 9.3600000 0.0000000
v 10.2750000 9.6600000 0.0000000
v 12.2236000 9.6600000 0.0000000
v 12.6600000 9.6600000 3.1000000
v 12.6600000 10.6600000 3.1000000
v 13.2600000 10.6600000 3.1000000
v 13.2600000 10.3600000 3.1000000
v 12.9600000 10.3600000 3.1000000
v 12.9600000 9.3600000 3.1000000
v 12.2236000 9.3600000 3.1000000
v 10.2750000 9.3600000 3.1000000
v 10.2750000 9.6600000 3.1000000
v 12.2236000 9.6600000 3.1000000
f 234 235 236
f 233 234 236
f 232 233 236
f 229 230 231
f 228 229 231
f 227 228 231
f 232 236 227
f 231 232 227
f 246 245 244
f 246 244 243
f 246 243 242
f 241 240 239
f 241 239 238
f 241 238 237
f 237 246 242
f 237 242 241
f 237 238 227
f 227 238 228
f 238 239 228
f 228 239 229
f 239 240 229
f 229 240 230
f 240 241 230
f 230 241 231
f 241 242 231
f 231 242 232
f 242 243 232
f 232 243 233
f 243 244 233
f 233 244 234
f 244 245 234
f 234 245 235
f 246 237 236
f 236 237 227
f 245 246 235
f 235 246 236
o SCIANY_rdzenie_08
g 01_SCIANY_RDZENIE
usemtl sciany
v 21.1850000 4.3100000 0.0000000
v 21.1850000 4.4600000 0.0000000
v 22.8350000 4.4600000 0.0000000
v 22.8350000 4.3100000 0.0000000
v 22.0850000 4.3100000 0.0000000
v 22.0850000 0.5600000 0.0000000
v 22.6225000 0.5600000 0.0000000
v 22.6225000 0.2600000 0.0000000
v 21.3975000 0.2600000 0.0000000
v 21.3975000 0.5600000 0.0000000
v 21.9350000 0.5600000 0.0000000
v 21.9350000 4.3100000 0.0000000
v 21.1850000 4.3100000 3.1000000
v 21.1850000 4.4600000 3.1000000
v 22.8350000 4.4600000 3.1000000
v 22.8350000 4.3100000 3.1000000
v 22.0850000 4.3100000 3.1000000
v 22.0850000 0.5600000 3.1000000
v 22.6225000 0.5600000 3.1000000
v 22.6225000 0.2600000 3.1000000
v 21.3975000 0.2600000 3.1000000
v 21.3975000 0.5600000 3.1000000
v 21.9350000 0.5600000 3.1000000
v 21.9350000 4.3100000 3.1000000
f 255 256 257
f 254 255 257
f 252 253 254
f 249 250 251
f 248 249 251
f 258 247 248
f 252 254 257
f 251 252 257
f 258 248 251
f 257 258 251
f 269 268 267
f 269 267 266
f 266 265 264
f 263 262 261
f 263 261 260
f 260 259 270
f 269 266 264
f 269 264 263
f 263 260 270
f 263 270 269
f 259 260 247
f 247 260 248
f 260 261 248
f 248 261 249
f 261 262 249
f 249 262 250
f 262 263 250
f 250 263 251
f 263 264 251
f 251 264 252
f 264 265 252
f 252 265 253
f 265 266 253
f 253 266 254
f 266 267 254
f 254 267 255
f 267 268 255
f 255 268 256
f 268 269 256
f 256 269 257
f 270 259 258
f 258 259 247
f 269 270 257
f 257 270 258
o SCIANY_rdzenie_09
g 01_SCIANY_RDZENIE
usemtl sciany
v 24.9600000 2.1692000 0.0000000
v 24.9600000 4.3100000 0.0000000
v 23.8350000 4.3100000 0.0000000
v 23.8350000 4.4600000 0.0000000
v 24.9600000 4.4600000 0.0000000
v 24.9600000 6.4192000 0.0000000
v 24.9600000 6.7192000 0.0000000
v 26.0100000 6.7192000 0.0000000
v 26.0100000 6.4192000 0.0000000
v 25.1100000 6.4192000 0.0000000
v 25.1100000 4.4600000 0.0000000
v 25.1100000 2.1692000 0.0000000
v 26.8374000 2.1692000 0.0000000
v 26.8374000 1.8692000 0.0000000
v 25.2600000 1.8692000 0.0000000
v 25.2600000 0.2600000 0.0000000
v 24.4225000 0.2600000 0.0000000
v 24.4225000 0.5600000 0.0000000
v 24.9600000 0.5600000 0.0000000
v 24.9600000 2.1692000 3.1000000
v 24.9600000 4.3100000 3.1000000
v 23.8350000 4.3100000 3.1000000
v 23.8350000 4.4600000 3.1000000
v 24.9600000 4.4600000 3.1000000
v 24.9600000 6.4192000 3.1000000
v 24.9600000 6.7192000 3.1000000
v 26.0100000 6.7192000 3.1000000
v 26.0100000 6.4192000 3.1000000
v 25.1100000 6.4192000 3.1000000
v 25.1100000 4.4600000 3.1000000
v 25.1100000 2.1692000 3.1000000
v 26.8374000 2.1692000 3.1000000
v 26.8374000 1.8692000 3.1000000
v 25.2600000 1.8692000 3.1000000
v 25.2600000 0.2600000 3.1000000
v 24.4225000 0.2600000 3.1000000
v 24.4225000 0.5600000 3.1000000
v 24.9600000 0.5600000 3.1000000
f 287 288 289
f 286 287 289
f 285 286 289
f 283 284 285
f 282 283 285
f 278 279 280
f 277 278 280
f 276 277 280
f 275 276 280
f 273 274 275
f 272 273 275
f 285 289 271
f 282 285 271
f 281 282 271
f 280 281 271
f 272 275 280
f 271 272 280
f 308 307 306
f 308 306 305
f 308 305 304
f 304 303 302
f 304 302 301
f 299 298 297
f 299 297 296
f 299 296 295
f 299 295 294
f 294 293 292
f 294 292 291
f 290 308 304
f 290 304 301
f 290 301 300
f 290 300 299
f 299 294 291
f 299 291 290
f 290 291 271
f 271 291 272
f 291 292 272
f 272 292 273
f 292 293 273
f 273 293 274
f 293 294 274
f 274 294 275
f 294 295 275
f 275 295 276
f 295 296 276
f 276 296 277
f 296 297 277
f 277 297 278
f 297 298 278
f 278 298 279
f 298 299 279
f 279 299 280
f 299 300 280
f 280 300 281
f 300 301 281
f 281 301 282
f 301 302 282
f 282 302 283
f 302 303 283
f 283 303 284
f 303 304 284
f 284 304 285
f 304 305 285
f 285 305 286
f 305 306 286
f 286 306 287
f 306 307 287
f 287 307 288
f 308 290 289
f 289 290 271
f 307 308 288
f 288 308 289
o SCIANY_rdzenie_10
g 01_SCIANY_RDZENIE
usemtl sciany
v 27.7374000 1.8692000 0.0000000
v 27.7374000 2.1692000 0.0000000
v 28.0374000 2.1692000 0.0000000
v 28.0374000 1.8692000 0.0000000
v 27.7374000 1.8692000 3.1000000
v 27.7374000 2.1692000 3.1000000
v 28.0374000 2.1692000 3.1000000
v 28.0374000 1.8692000 3.1000000
f 311 312 309
f 310 311 309
f 313 316 315
f 313 315 314
f 313 314 309
f 309 314 310
f 314 315 310
f 310 315 311
f 316 313 312
f 312 313 309
f 315 316 311
f 311 316 312
o SCIANY_rdzenie_11
g 01_SCIANY_RDZENIE
usemtl sciany
v 28.0374000 3.0692000 0.0000000
v 27.7374000 3.0692000 0.0000000
v 27.7374000 6.4192000 0.0000000
v 27.4372000 6.4192000 0.0000000
v 27.0100000 6.4192000 0.0000000
v 27.0100000 6.7192000 0.0000000
v 27.4372000 6.7192000 0.0000000
v 27.4372000 7.1396000 0.0000000
v 27.7371000 7.1396000 0.0000000
v 27.7374000 6.7192000 0.0000000
v 28.0374000 6.7192000 0.0000000
v 28.0374000 3.0692000 3.1000000
v 27.7374000 3.0692000 3.1000000
v 27.7374000 6.4192000 3.1000000
v 27.4372000 6.4192000 3.1000000
v 27.0100000 6.4192000 3.1000000
v 27.0100000 6.7192000 3.1000000
v 27.4372000 6.7192000 3.1000000
v 27.4372000 7.1396000 3.1000000
v 27.7371000 7.1396000 3.1000000
v 27.7374000 6.7192000 3.1000000
v 28.0374000 6.7192000 3.1000000
f 326 327 317
f 324 325 326
f 323 324 326
f 321 322 323
f 320 321 323
f 319 320 323
f 317 318 319
f 326 317 319
f 323 326 319
f 328 338 337
f 337 336 335
f 337 335 334
f 334 333 332
f 334 332 331
f 334 331 330
f 330 329 328
f 330 328 337
f 330 337 334
f 328 329 317
f 317 329 318
f 329 330 318
f 318 330 319
f 330 331 319
f 319 331 320
f 331 332 320
f 320 332 321
f 332 333 321
f 321 333 322
f 333 334 322
f 322 334 323
f 334 335 323
f 323 335 324
f 335 336 324
f 324 336 325
f 336 337 325
f 325 337 326
f 338 328 327
f 327 328 317
f 337 338 326
f 326 338 327
o SCIANY_rdzenie_12
g 01_SCIANY_RDZENIE
usemtl sciany
v 20.0600000 5.9200000 0.0000000
v 20.0600000 6.7192000 0.0000000
v 20.0600000 10.3600000 0.0000000
v 19.8598000 10.3600000 0.0000000
v 19.8598000 10.6600000 0.0000000
v 27.7371000 10.6600000 0.0000000
v 27.7371000 10.2396000 0.0000000
v 27.4372000 10.2396000 0.0000000
v 27.4372000 10.3600000 0.0000000
v 23.9600000 10.3600000 0.0000000
v 23.9600000 9.6600000 0.0000000
v 23.8100000 9.6600000 0.0000000
v 23.8100000 10.3600000 0.0000000
v 20.2100000 10.3600000 0.0000000
v 20.2100000 6.7192000 0.0000000
v 23.8100000 6.7192000 0.0000000
v 23.8100000 8.4600000 0.0000000
v 23.9600000 8.4600000 0.0000000
v 23.9600000 6.7192000 0.0000000
v 23.9600000 6.4192000 0.0000000
v 20.3600000 6.4192000 0.0000000
v 20.3600000 5.6200000 0.0000000
v 20.0600000 5.6200000 0.0000000
v 20.0600000 5.9200000 3.1000000
v 20.0600000 6.7192000 3.1000000
v 20.0600000 10.3600000 3.1000000
v 19.8598000 10.3600000 3.1000000
v 19.8598000 10.6600000 3.1000000
v 27.7371000 10.6600000 3.1000000
v 27.7371000 10.2396000 3.1000000
v 27.4372000 10.2396000 3.1000000
v 27.4372000 10.3600000 3.1000000
v 23.9600000 10.3600000 3.1000000
v 23.9600000 9.6600000 3.1000000
v 23.8100000 9.6600000 3.1000000
v 23.8100000 10.3600000 3.1000000
v 20.2100000 10.3600000 3.1000000
v 20.2100000 6.7192000 3.1000000
v 23.8100000 6.7192000 3.1000000
v 23.8100000 8.4600000 3.1000000
v 23.9600000 8.4600000 3.1000000
v 23.9600000 6.7192000 3.1000000
v 23.9600000 6.4192000 3.1000000
v 20.3600000 6.4192000 3.1000000
v 20.3600000 5.6200000 3.1000000
v 20.0600000 5.6200000 3.1000000
f 360 361 339
f 359 360 339
f 357 358 359
f 355 356 357
f 354 355 357
f 349 350 351
f 348 349 351
f 345 346 347
f 344 345 347
f 343 344 347
f 341 342 343
f 359 339 340
f 354 357 359
f 353 354 359
f 343 347 348
f 353 359 340
f 352 353 340
f 343 348 351
f 352 340 341
f 343 351 352
f 341 343 352
f 362 384 383
f 362 383 382
f 382 381 380
f 380 379 378
f 380 378 377
f 374 373 372
f 374 372 371
f 370 369 368
f 370 368 367
f 370 367 366
f 366 365 364
f 363 362 382
f 382 380 377
f 382 377 376
f 371 370 366
f 363 382 376
f 363 376 375
f 374 371 366
f 364 363 375
f 375 374 366
f 375 366 364
f 362 363 339
f 339 363 340
f 363 364 340
f 340 364 341
f 364 365 341
f 341 365 342
f 365 366 342
f 342 366 343
f 366 367 343
f 343 367 344
f 367 368 344
f 344 368 345
f 368 369 345
f 345 369 346
f 369 370 346
f 346 370 347
f 370 371 347
f 347 371 348
f 371 372 348
f 348 372 349
f 372 373 349
f 349 373 350
f 373 374 350
f 350 374 351
f 374 375 351
f 351 375 352
f 375 376 352
f 352 376 353
f 376 377 353
f 353 377 354
f 377 378 354
f 354 378 355
f 378 379 355
f 355 379 356
f 379 380 356
f 356 380 357
f 380 381 357
f 357 381 358
f 381 382 358
f 358 382 359
f 382 383 359
f 359 383 360
f 384 362 361
f 361 362 339
f 383 384 360
f 360 384 361
o W01_mur_pod_oknem
g 02_SCIANY_POD_I_NAD_OTWORAMI
usemtl uzupelnienia
v 9.3950000 0.2600000 0.0000000
v 9.3950000 0.5600000 0.0000000
v 7.6250000 0.5600000 0.0000000
v 7.6250000 0.2600000 0.0000000
v 9.3950000 0.2600000 1.0000000
v 9.3950000 0.5600000 1.0000000
v 7.6250000 0.5600000 1.0000000
v 7.6250000 0.2600000 1.0000000
f 386 385 388
f 387 386 388
f 392 389 390
f 392 390 391
f 390 389 386
f 386 389 385
f 391 390 387
f 387 390 386
f 389 392 385
f 385 392 388
f 392 391 388
f 388 391 387
o W01_mur_nad_oknem
g 02_SCIANY_POD_I_NAD_OTWORAMI
usemtl uzupelnienia
v 9.3950000 0.2600000 2.5900000
v 9.3950000 0.5600000 2.5900000
v 7.6250000 0.5600000 2.5900000
v 7.6250000 0.2600000 2.5900000
v 9.3950000 0.2600000 3.1000000
v 9.3950000 0.5600000 3.1000000
v 7.6250000 0.5600000 3.1000000
v 7.6250000 0.2600000 3.1000000
f 394 393 396
f 395 394 396
f 400 397 398
f 400 398 399
f 398 397 394
f 394 397 393
f 399 398 395
f 395 398 394
f 397 400 393
f 393 400 396
f 400 399 396
f 396 399 395
o W01_O1_pokoj_15_rama_dol
g 05_STOLARKA_SCHEMATYCZNA
usemtl stolarka
v 9.3950000 0.3650000 1.0000000
v 9.3950000 0.4550000 1.0000000
v 7.6250000 0.4550000 1.0000000
v 7.6250000 0.3650000 1.0000000
v 9.3950000 0.3650000 1.0600000
v 9.3950000 0.4550000 1.0600000
v 7.6250000 0.4550000 1.0600000
v 7.6250000 0.3650000 1.0600000
f 402 401 404
f 403 402 404
f 408 405 406
f 408 406 407
f 406 405 402
f 402 405 401
f 407 406 403
f 403 406 402
f 405 408 401
f 401 408 404
f 408 407 404
f 404 407 403
o W01_O1_pokoj_15_rama_gora
g 05_STOLARKA_SCHEMATYCZNA
usemtl stolarka
v 9.3950000 0.3650000 2.5300000
v 9.3950000 0.4550000 2.5300000
v 7.6250000 0.4550000 2.5300000
v 7.6250000 0.3650000 2.5300000
v 9.3950000 0.3650000 2.5900000
v 9.3950000 0.4550000 2.5900000
v 7.6250000 0.4550000 2.5900000
v 7.6250000 0.3650000 2.5900000
f 410 409 412
f 411 410 412
f 416 413 414
f 416 414 415
f 414 413 410
f 410 413 409
f 415 414 411
f 411 414 410
f 413 416 409
f 409 416 412
f 416 415 412
f 412 415 411
o W01_O1_pokoj_15_rama_bok_1
g 05_STOLARKA_SCHEMATYCZNA
usemtl stolarka
v 7.6850000 0.3650000 1.0600000
v 7.6850000 0.4550000 1.0600000
v 7.6250000 0.4550000 1.0600000
v 7.6250000 0.3650000 1.0600000
v 7.6850000 0.3650000 2.5300000
v 7.6850000 0.4550000 2.5300000
v 7.6250000 0.4550000 2.5300000
v 7.6250000 0.3650000 2.5300000
f 418 417 420
f 419 418 420
f 424 421 422
f 424 422 423
f 422 421 418
f 418 421 417
f 423 422 419
f 419 422 418
f 421 424 417
f 417 424 420
f 424 423 420
f 420 423 419
o W01_O1_pokoj_15_rama_bok_2
g 05_STOLARKA_SCHEMATYCZNA
usemtl stolarka
v 9.3950000 0.3650000 1.0600000
v 9.3950000 0.4550000 1.0600000
v 9.3350000 0.4550000 1.0600000
v 9.3350000 0.3650000 1.0600000
v 9.3950000 0.3650000 2.5300000
v 9.3950000 0.4550000 2.5300000
v 9.3350000 0.4550000 2.5300000
v 9.3350000 0.3650000 2.5300000
f 426 425 428
f 427 426 428
f 432 429 430
f 432 430 431
f 430 429 426
f 426 429 425
f 431 430 427
f 427 430 426
f 429 432 425
f 425 432 428
f 432 431 428
f 428 431 427
o W01_O1_pokoj_15_slupek_1
g 05_STOLARKA_SCHEMATYCZNA
usemtl stolarka
v 8.5400000 0.3650000 1.0600000
v 8.5400000 0.4550000 1.0600000
v 8.4800000 0.4550000 1.0600000
v 8.4800000 0.3650000 1.0600000
v 8.5400000 0.3650000 2.5300000
v 8.5400000 0.4550000 2.5300000
v 8.4800000 0.4550000 2.5300000
v 8.4800000 0.3650000 2.5300000
f 434 433 436
f 435 434 436
f 440 437 438
f 440 438 439
f 438 437 434
f 434 437 433
f 439 438 435
f 435 438 434
f 437 440 433
f 433 440 436
f 440 439 436
f 436 439 435
o W01_O1_pokoj_15_szklo
g 05_STOLARKA_SCHEMATYCZNA
usemtl szklo
v 9.3350000 0.4050000 1.0600000
v 9.3350000 0.4150000 1.0600000
v 7.6850000 0.4150000 1.0600000
v 7.6850000 0.4050000 1.0600000
v 9.3350000 0.4050000 2.5300000
v 9.3350000 0.4150000 2.5300000
v 7.6850000 0.4150000 2.5300000
v 7.6850000 0.4050000 2.5300000
f 442 441 444
f 443 442 444
f 448 445 446
f 448 446 447
f 446 445 442
f 442 445 441
f 447 446 443
f 443 446 442
f 445 448 441
f 441 448 444
f 448 447 444
f 444 447 443
o W02_mur_pod_oknem
g 02_SCIANY_POD_I_NAD_OTWORAMI
usemtl uzupelnienia
v 21.3825000 0.2600000 0.0000000
v 21.3825000 0.5600000 0.0000000
v 19.6125000 0.5600000 0.0000000
v 19.6125000 0.2600000 0.0000000
v 21.3825000 0.2600000 1.0000000
v 21.3825000 0.5600000 1.0000000
v 19.6125000 0.5600000 1.0000000
v 19.6125000 0.2600000 1.0000000
f 450 449 452
f 451 450 452
f 456 453 454
f 456 454 455
f 454 453 450
f 450 453 449
f 455 454 451
f 451 454 450
f 453 456 449
f 449 456 452
f 456 455 452
f 452 455 451
o W02_mur_nad_oknem
g 02_SCIANY_POD_I_NAD_OTWORAMI
usemtl uzupelnienia
v 21.3825000 0.2600000 2.5900000
v 21.3825000 0.5600000 2.5900000
v 19.6125000 0.5600000 2.5900000
v 19.6125000 0.2600000 2.5900000
v 21.3825000 0.2600000 3.1000000
v 21.3825000 0.5600000 3.1000000
v 19.6125000 0.5600000 3.1000000
v 19.6125000 0.2600000 3.1000000
f 458 457 460
f 459 458 460
f 464 461 462
f 464 462 463
f 462 461 458
f 458 461 457
f 463 462 459
f 459 462 458
f 461 464 457
f 457 464 460
f 464 463 460
f 460 463 459
o W02_O1_pokoj_04_rama_dol
g 05_STOLARKA_SCHEMATYCZNA
usemtl stolarka
v 21.3825000 0.3650000 1.0000000
v 21.3825000 0.4550000 1.0000000
v 19.6125000 0.4550000 1.0000000
v 19.6125000 0.3650000 1.0000000
v 21.3825000 0.3650000 1.0600000
v 21.3825000 0.4550000 1.0600000
v 19.6125000 0.4550000 1.0600000
v 19.6125000 0.3650000 1.0600000
f 466 465 468
f 467 466 468
f 472 469 470
f 472 470 471
f 470 469 466
f 466 469 465
f 471 470 467
f 467 470 466
f 469 472 465
f 465 472 468
f 472 471 468
f 468 471 467
o W02_O1_pokoj_04_rama_gora
g 05_STOLARKA_SCHEMATYCZNA
usemtl stolarka
v 21.3825000 0.3650000 2.5300000
v 21.3825000 0.4550000 2.5300000
v 19.6125000 0.4550000 2.5300000
v 19.6125000 0.3650000 2.5300000
v 21.3825000 0.3650000 2.5900000
v 21.3825000 0.4550000 2.5900000
v 19.6125000 0.4550000 2.5900000
v 19.6125000 0.3650000 2.5900000
f 474 473 476
f 475 474 476
f 480 477 478
f 480 478 479
f 478 477 474
f 474 477 473
f 479 478 475
f 475 478 474
f 477 480 473
f 473 480 476
f 480 479 476
f 476 479 475
o W02_O1_pokoj_04_rama_bok_1
g 05_STOLARKA_SCHEMATYCZNA
usemtl stolarka
v 19.6725000 0.3650000 1.0600000
v 19.6725000 0.4550000 1.0600000
v 19.6125000 0.4550000 1.0600000
v 19.6125000 0.3650000 1.0600000
v 19.6725000 0.3650000 2.5300000
v 19.6725000 0.4550000 2.5300000
v 19.6125000 0.4550000 2.5300000
v 19.6125000 0.3650000 2.5300000
f 482 481 484
f 483 482 484
f 488 485 486
f 488 486 487
f 486 485 482
f 482 485 481
f 487 486 483
f 483 486 482
f 485 488 481
f 481 488 484
f 488 487 484
f 484 487 483
o W02_O1_pokoj_04_rama_bok_2
g 05_STOLARKA_SCHEMATYCZNA
usemtl stolarka
v 21.3825000 0.3650000 1.0600000
v 21.3825000 0.4550000 1.0600000
v 21.3225000 0.4550000 1.0600000
v 21.3225000 0.3650000 1.0600000
v 21.3825000 0.3650000 2.5300000
v 21.3825000 0.4550000 2.5300000
v 21.3225000 0.4550000 2.5300000
v 21.3225000 0.3650000 2.5300000
f 490 489 492
f 491 490 492
f 496 493 494
f 496 494 495
f 494 493 490
f 490 493 489
f 495 494 491
f 491 494 490
f 493 496 489
f 489 496 492
f 496 495 492
f 492 495 491
o W02_O1_pokoj_04_slupek_1
g 05_STOLARKA_SCHEMATYCZNA
usemtl stolarka
v 20.5275000 0.3650000 1.0600000
v 20.5275000 0.4550000 1.0600000
v 20.4675000 0.4550000 1.0600000
v 20.4675000 0.3650000 1.0600000
v 20.5275000 0.3650000 2.5300000
v 20.5275000 0.4550000 2.5300000
v 20.4675000 0.4550000 2.5300000
v 20.4675000 0.3650000 2.5300000
f 498 497 500
f 499 498 500
f 504 501 502
f 504 502 503
f 502 501 498
f 498 501 497
f 503 502 499
f 499 502 498
f 501 504 497
f 497 504 500
f 504 503 500
f 500 503 499
o W02_O1_pokoj_04_szklo
g 05_STOLARKA_SCHEMATYCZNA
usemtl szklo
v 21.3225000 0.4050000 1.0600000
v 21.3225000 0.4150000 1.0600000
v 19.6725000 0.4150000 1.0600000
v 19.6725000 0.4050000 1.0600000
v 21.3225000 0.4050000 2.5300000
v 21.3225000 0.4150000 2.5300000
v 19.6725000 0.4150000 2.5300000
v 19.6725000 0.4050000 2.5300000
f 506 505 508
f 507 506 508
f 512 509 510
f 512 510 511
f 510 509 506
f 506 509 505
f 511 510 507
f 507 510 506
f 509 512 505
f 505 512 508
f 512 511 508
f 508 511 507
o W03_mur_pod_oknem
g 02_SCIANY_POD_I_NAD_OTWORAMI
usemtl uzupelnienia
v 24.4075000 0.2600000 0.0000000
v 24.4075000 0.5600000 0.0000000
v 22.6375000 0.5600000 0.0000000
v 22.6375000 0.2600000 0.0000000
v 24.4075000 0.2600000 1.0000000
v 24.4075000 0.5600000 1.0000000
v 22.6375000 0.5600000 1.0000000
v 22.6375000 0.2600000 1.0000000
f 514 513 516
f 515 514 516
f 520 517 518
f 520 518 519
f 518 517 514
f 514 517 513
f 519 518 515
f 515 518 514
f 517 520 513
f 513 520 516
f 520 519 516
f 516 519 515
o W03_mur_nad_oknem
g 02_SCIANY_POD_I_NAD_OTWORAMI
usemtl uzupelnienia
v 24.4075000 0.2600000 2.5900000
v 24.4075000 0.5600000 2.5900000
v 22.6375000 0.5600000 2.5900000
v 22.6375000 0.2600000 2.5900000
v 24.4075000 0.2600000 3.1000000
v 24.4075000 0.5600000 3.1000000
v 22.6375000 0.5600000 3.1000000
v 22.6375000 0.2600000 3.1000000
f 522 521 524
f 523 522 524
f 528 525 526
f 528 526 527
f 526 525 522
f 522 525 521
f 527 526 523
f 523 526 522
f 525 528 521
f 521 528 524
f 528 527 524
f 524 527 523
o W03_O1_pokoj_05_rama_dol
g 05_STOLARKA_SCHEMATYCZNA
usemtl stolarka
v 24.4075000 0.3650000 1.0000000
v 24.4075000 0.4550000 1.0000000
v 22.6375000 0.4550000 1.0000000
v 22.6375000 0.3650000 1.0000000
v 24.4075000 0.3650000 1.0600000
v 24.4075000 0.4550000 1.0600000
v 22.6375000 0.4550000 1.0600000
v 22.6375000 0.3650000 1.0600000
f 530 529 532
f 531 530 532
f 536 533 534
f 536 534 535
f 534 533 530
f 530 533 529
f 535 534 531
f 531 534 530
f 533 536 529
f 529 536 532
f 536 535 532
f 532 535 531
o W03_O1_pokoj_05_rama_gora
g 05_STOLARKA_SCHEMATYCZNA
usemtl stolarka
v 24.4075000 0.3650000 2.5300000
v 24.4075000 0.4550000 2.5300000
v 22.6375000 0.4550000 2.5300000
v 22.6375000 0.3650000 2.5300000
v 24.4075000 0.3650000 2.5900000
v 24.4075000 0.4550000 2.5900000
v 22.6375000 0.4550000 2.5900000
v 22.6375000 0.3650000 2.5900000
f 538 537 540
f 539 538 540
f 544 541 542
f 544 542 543
f 542 541 538
f 538 541 537
f 543 542 539
f 539 542 538
f 541 544 537
f 537 544 540
f 544 543 540
f 540 543 539
o W03_O1_pokoj_05_rama_bok_1
g 05_STOLARKA_SCHEMATYCZNA
usemtl stolarka
v 22.6975000 0.3650000 1.0600000
v 22.6975000 0.4550000 1.0600000
v 22.6375000 0.4550000 1.0600000
v 22.6375000 0.3650000 1.0600000
v 22.6975000 0.3650000 2.5300000
v 22.6975000 0.4550000 2.5300000
v 22.6375000 0.4550000 2.5300000
v 22.6375000 0.3650000 2.5300000
f 546 545 548
f 547 546 548
f 552 549 550
f 552 550 551
f 550 549 546
f 546 549 545
f 551 550 547
f 547 550 546
f 549 552 545
f 545 552 548
f 552 551 548
f 548 551 547
o W03_O1_pokoj_05_rama_bok_2
g 05_STOLARKA_SCHEMATYCZNA
usemtl stolarka
v 24.4075000 0.3650000 1.0600000
v 24.4075000 0.4550000 1.0600000
v 24.3475000 0.4550000 1.0600000
v 24.3475000 0.3650000 1.0600000
v 24.4075000 0.3650000 2.5300000
v 24.4075000 0.4550000 2.5300000
v 24.3475000 0.4550000 2.5300000
v 24.3475000 0.3650000 2.5300000
f 554 553 556
f 555 554 556
f 560 557 558
f 560 558 559
f 558 557 554
f 554 557 553
f 559 558 555
f 555 558 554
f 557 560 553
f 553 560 556
f 560 559 556
f 556 559 555
o W03_O1_pokoj_05_slupek_1
g 05_STOLARKA_SCHEMATYCZNA
usemtl stolarka
v 23.5525000 0.3650000 1.0600000
v 23.5525000 0.4550000 1.0600000
v 23.4925000 0.4550000 1.0600000
v 23.4925000 0.3650000 1.0600000
v 23.5525000 0.3650000 2.5300000
v 23.5525000 0.4550000 2.5300000
v 23.4925000 0.4550000 2.5300000
v 23.4925000 0.3650000 2.5300000
f 562 561 564
f 563 562 564
f 568 565 566
f 568 566 567
f 566 565 562
f 562 565 561
f 567 566 563
f 563 566 562
f 565 568 561
f 561 568 564
f 568 567 564
f 564 567 563
o W03_O1_pokoj_05_szklo
g 05_STOLARKA_SCHEMATYCZNA
usemtl szklo
v 24.3475000 0.4050000 1.0600000
v 24.3475000 0.4150000 1.0600000
v 22.6975000 0.4150000 1.0600000
v 22.6975000 0.4050000 1.0600000
v 24.3475000 0.4050000 2.5300000
v 24.3475000 0.4150000 2.5300000
v 22.6975000 0.4150000 2.5300000
v 22.6975000 0.4050000 2.5300000
f 570 569 572
f 571 570 572
f 576 573 574
f 576 574 575
f 574 573 570
f 570 573 569
f 575 574 571
f 571 574 570
f 573 576 569
f 569 576 572
f 576 575 572
f 572 575 571
o W05_mur_nad_oknem
g 02_SCIANY_POD_I_NAD_OTWORAMI
usemtl uzupelnienia
v 27.7199000 1.8692000 2.5800000
v 27.7199000 2.1692000 2.5800000
v 26.8549000 2.1692000 2.5800000
v 26.8549000 1.8692000 2.5800000
v 27.7199000 1.8692000 3.1000000
v 27.7199000 2.1692000 3.1000000
v 26.8549000 2.1692000 3.1000000
v 26.8549000 1.8692000 3.1000000
f 578 577 580
f 579 578 580
f 584 581 582
f 584 582 583
f 582 581 578
f 578 581 577
f 583 582 579
f 579 582 578
f 581 584 577
f 577 584 580
f 584 583 580
f 580 583 579
o W05_O3_pokoj_07_rama_dol
g 05_STOLARKA_SCHEMATYCZNA
usemtl stolarka
v 27.7199000 1.9742000 0.0000000
v 27.7199000 2.0642000 0.0000000
v 26.8549000 2.0642000 0.0000000
v 26.8549000 1.9742000 0.0000000
v 27.7199000 1.9742000 0.0600000
v 27.7199000 2.0642000 0.0600000
v 26.8549000 2.0642000 0.0600000
v 26.8549000 1.9742000 0.0600000
f 586 585 588
f 587 586 588
f 592 589 590
f 592 590 591
f 590 589 586
f 586 589 585
f 591 590 587
f 587 590 586
f 589 592 585
f 585 592 588
f 592 591 588
f 588 591 587
o W05_O3_pokoj_07_rama_gora
g 05_STOLARKA_SCHEMATYCZNA
usemtl stolarka
v 27.7199000 1.9742000 2.5200000
v 27.7199000 2.0642000 2.5200000
v 26.8549000 2.0642000 2.5200000
v 26.8549000 1.9742000 2.5200000
v 27.7199000 1.9742000 2.5800000
v 27.7199000 2.0642000 2.5800000
v 26.8549000 2.0642000 2.5800000
v 26.8549000 1.9742000 2.5800000
f 594 593 596
f 595 594 596
f 600 597 598
f 600 598 599
f 598 597 594
f 594 597 593
f 599 598 595
f 595 598 594
f 597 600 593
f 593 600 596
f 600 599 596
f 596 599 595
o W05_O3_pokoj_07_rama_bok_1
g 05_STOLARKA_SCHEMATYCZNA
usemtl stolarka
v 26.9149000 1.9742000 0.0600000
v 26.9149000 2.0642000 0.0600000
v 26.8549000 2.0642000 0.0600000
v 26.8549000 1.9742000 0.0600000
v 26.9149000 1.9742000 2.5200000
v 26.9149000 2.0642000 2.5200000
v 26.8549000 2.0642000 2.5200000
v 26.8549000 1.9742000 2.5200000
f 602 601 604
f 603 602 604
f 608 605 606
f 608 606 607
f 606 605 602
f 602 605 601
f 607 606 603
f 603 606 602
f 605 608 601
f 601 608 604
f 608 607 604
f 604 607 603
o W05_O3_pokoj_07_rama_bok_2
g 05_STOLARKA_SCHEMATYCZNA
usemtl stolarka
v 27.7199000 1.9742000 0.0600000
v 27.7199000 2.0642000 0.0600000
v 27.6599000 2.0642000 0.0600000
v 27.6599000 1.9742000 0.0600000
v 27.7199000 1.9742000 2.5200000
v 27.7199000 2.0642000 2.5200000
v 27.6599000 2.0642000 2.5200000
v 27.6599000 1.9742000 2.5200000
f 610 609 612
f 611 610 612
f 616 613 614
f 616 614 615
f 614 613 610
f 610 613 609
f 615 614 611
f 611 614 610
f 613 616 609
f 609 616 612
f 616 615 612
f 612 615 611
o W05_O3_pokoj_07_szklo
g 05_STOLARKA_SCHEMATYCZNA
usemtl szklo
v 27.6599000 2.0142000 0.0600000
v 27.6599000 2.0242000 0.0600000
v 26.9149000 2.0242000 0.0600000
v 26.9149000 2.0142000 0.0600000
v 27.6599000 2.0142000 2.5200000
v 27.6599000 2.0242000 2.5200000
v 26.9149000 2.0242000 2.5200000
v 26.9149000 2.0142000 2.5200000
f 618 617 620
f 619 618 620
f 624 621 622
f 624 622 623
f 622 621 618
f 618 621 617
f 623 622 619
f 619 622 618
f 621 624 617
f 617 624 620
f 624 623 620
f 620 623 619
o W06_mur_nad_oknem
g 02_SCIANY_POD_I_NAD_OTWORAMI
usemtl uzupelnienia
v 28.0374000 2.1867000 2.5800000
v 28.0374000 3.0517000 2.5800000
v 27.7374000 3.0517000 2.5800000
v 27.7374000 2.1867000 2.5800000
v 28.0374000 2.1867000 3.1000000
v 28.0374000 3.0517000 3.1000000
v 27.7374000 3.0517000 3.1000000
v 27.7374000 2.1867000 3.1000000
f 626 625 628
f 627 626 628
f 632 629 630
f 632 630 631
f 630 629 626
f 626 629 625
f 631 630 627
f 627 630 626
f 629 632 625
f 625 632 628
f 632 631 628
f 628 631 627
o W06_O3_pokoj_07_rama_dol
g 05_STOLARKA_SCHEMATYCZNA
usemtl stolarka
v 27.9324000 2.1867000 0.0000000
v 27.9324000 3.0517000 0.0000000
v 27.8424000 3.0517000 0.0000000
v 27.8424000 2.1867000 0.0000000
v 27.9324000 2.1867000 0.0600000
v 27.9324000 3.0517000 0.0600000
v 27.8424000 3.0517000 0.0600000
v 27.8424000 2.1867000 0.0600000
f 634 633 636
f 635 634 636
f 640 637 638
f 640 638 639
f 638 637 634
f 634 637 633
f 639 638 635
f 635 638 634
f 637 640 633
f 633 640 636
f 640 639 636
f 636 639 635
o W06_O3_pokoj_07_rama_gora
g 05_STOLARKA_SCHEMATYCZNA
usemtl stolarka
v 27.9324000 2.1867000 2.5200000
v 27.9324000 3.0517000 2.5200000
v 27.8424000 3.0517000 2.5200000
v 27.8424000 2.1867000 2.5200000
v 27.9324000 2.1867000 2.5800000
v 27.9324000 3.0517000 2.5800000
v 27.8424000 3.0517000 2.5800000
v 27.8424000 2.1867000 2.5800000
f 642 641 644
f 643 642 644
f 648 645 646
f 648 646 647
f 646 645 642
f 642 645 641
f 647 646 643
f 643 646 642
f 645 648 641
f 641 648 644
f 648 647 644
f 644 647 643
o W06_O3_pokoj_07_rama_bok_1
g 05_STOLARKA_SCHEMATYCZNA
usemtl stolarka
v 27.9324000 2.1867000 0.0600000
v 27.9324000 2.2467000 0.0600000
v 27.8424000 2.2467000 0.0600000
v 27.8424000 2.1867000 0.0600000
v 27.9324000 2.1867000 2.5200000
v 27.9324000 2.2467000 2.5200000
v 27.8424000 2.2467000 2.5200000
v 27.8424000 2.1867000 2.5200000
f 650 649 652
f 651 650 652
f 656 653 654
f 656 654 655
f 654 653 650
f 650 653 649
f 655 654 651
f 651 654 650
f 653 656 649
f 649 656 652
f 656 655 652
f 652 655 651
o W06_O3_pokoj_07_rama_bok_2
g 05_STOLARKA_SCHEMATYCZNA
usemtl stolarka
v 27.9324000 2.9917000 0.0600000
v 27.9324000 3.0517000 0.0600000
v 27.8424000 3.0517000 0.0600000
v 27.8424000 2.9917000 0.0600000
v 27.9324000 2.9917000 2.5200000
v 27.9324000 3.0517000 2.5200000
v 27.8424000 3.0517000 2.5200000
v 27.8424000 2.9917000 2.5200000
f 658 657 660
f 659 658 660
f 664 661 662
f 664 662 663
f 662 661 658
f 658 661 657
f 663 662 659
f 659 662 658
f 661 664 657
f 657 664 660
f 664 663 660
f 660 663 659
o W06_O3_pokoj_07_szklo
g 05_STOLARKA_SCHEMATYCZNA
usemtl szklo
v 27.8924000 2.2467000 0.0600000
v 27.8924000 2.9917000 0.0600000
v 27.8824000 2.9917000 0.0600000
v 27.8824000 2.2467000 0.0600000
v 27.8924000 2.2467000 2.5200000
v 27.8924000 2.9917000 2.5200000
v 27.8824000 2.9917000 2.5200000
v 27.8824000 2.2467000 2.5200000
f 666 665 668
f 667 666 668
f 672 669 670
f 672 670 671
f 670 669 666
f 666 669 665
f 671 670 667
f 667 670 666
f 669 672 665
f 665 672 668
f 672 671 668
f 668 671 667
o W07_mur_nad_oknem
g 02_SCIANY_POD_I_NAD_OTWORAMI
usemtl uzupelnienia
v 27.7371000 7.1546000 2.6300000
v 27.7371000 8.6896000 2.6300000
v 27.4371000 8.6896000 2.6300000
v 27.4371000 7.1546000 2.6300000
v 27.7371000 7.1546000 3.1000000
v 27.7371000 8.6896000 3.1000000
v 27.4371000 8.6896000 3.1000000
v 27.4371000 7.1546000 3.1000000
f 674 673 676
f 675 674 676
f 680 677 678
f 680 678 679
f 678 677 674
f 674 677 673
f 679 678 675
f 675 678 674
f 677 680 673
f 673 680 676
f 680 679 676
f 676 679 675
o W07_O4_pokoj_08_rama_dol
g 05_STOLARKA_SCHEMATYCZNA
usemtl stolarka
v 27.6321000 7.1546000 0.0000000
v 27.6321000 8.6896000 0.0000000
v 27.5421000 8.6896000 0.0000000
v 27.5421000 7.1546000 0.0000000
v 27.6321000 7.1546000 0.0600000
v 27.6321000 8.6896000 0.0600000
v 27.5421000 8.6896000 0.0600000
v 27.5421000 7.1546000 0.0600000
f 682 681 684
f 683 682 684
f 688 685 686
f 688 686 687
f 686 685 682
f 682 685 681
f 687 686 683
f 683 686 682
f 685 688 681
f 681 688 684
f 688 687 684
f 684 687 683
o W07_O4_pokoj_08_rama_gora
g 05_STOLARKA_SCHEMATYCZNA
usemtl stolarka
v 27.6321000 7.1546000 2.5700000
v 27.6321000 8.6896000 2.5700000
v 27.5421000 8.6896000 2.5700000
v 27.5421000 7.1546000 2.5700000
v 27.6321000 7.1546000 2.6300000
v 27.6321000 8.6896000 2.6300000
v 27.5421000 8.6896000 2.6300000
v 27.5421000 7.1546000 2.6300000
f 690 689 692
f 691 690 692
f 696 693 694
f 696 694 695
f 694 693 690
f 690 693 689
f 695 694 691
f 691 694 690
f 693 696 689
f 689 696 692
f 696 695 692
f 692 695 691
o W07_O4_pokoj_08_rama_bok_1
g 05_STOLARKA_SCHEMATYCZNA
usemtl stolarka
v 27.6321000 7.1546000 0.0600000
v 27.6321000 7.2146000 0.0600000
v 27.5421000 7.2146000 0.0600000
v 27.5421000 7.1546000 0.0600000
v 27.6321000 7.1546000 2.5700000
v 27.6321000 7.2146000 2.5700000
v 27.5421000 7.2146000 2.5700000
v 27.5421000 7.1546000 2.5700000
f 698 697 700
f 699 698 700
f 704 701 702
f 704 702 703
f 702 701 698
f 698 701 697
f 703 702 699
f 699 702 698
f 701 704 697
f 697 704 700
f 704 703 700
f 700 703 699
o W07_O4_pokoj_08_rama_bok_2
g 05_STOLARKA_SCHEMATYCZNA
usemtl stolarka
v 27.6321000 8.6296000 0.0600000
v 27.6321000 8.6896000 0.0600000
v 27.5421000 8.6896000 0.0600000
v 27.5421000 8.6296000 0.0600000
v 27.6321000 8.6296000 2.5700000
v 27.6321000 8.6896000 2.5700000
v 27.5421000 8.6896000 2.5700000
v 27.5421000 8.6296000 2.5700000
f 706 705 708
f 707 706 708
f 712 709 710
f 712 710 711
f 710 709 706
f 706 709 705
f 711 710 707
f 707 710 706
f 709 712 705
f 705 712 708
f 712 711 708
f 708 711 707
o W07_O4_pokoj_08_szklo
g 05_STOLARKA_SCHEMATYCZNA
usemtl szklo
v 27.5921000 7.2146000 0.0600000
v 27.5921000 8.6296000 0.0600000
v 27.5821000 8.6296000 0.0600000
v 27.5821000 7.2146000 0.0600000
v 27.5921000 7.2146000 2.5700000
v 27.5921000 8.6296000 2.5700000
v 27.5821000 8.6296000 2.5700000
v 27.5821000 7.2146000 2.5700000
f 714 713 716
f 715 714 716
f 720 717 718
f 720 718 719
f 718 717 714
f 714 717 713
f 719 718 715
f 715 718 714
f 717 720 713
f 713 720 716
f 720 719 716
f 716 719 715
o W08_mur_nad_oknem
g 02_SCIANY_POD_I_NAD_OTWORAMI
usemtl uzupelnienia
v 27.7371000 8.6896000 2.6300000
v 27.7371000 10.2246000 2.6300000
v 27.4371000 10.2246000 2.6300000
v 27.4371000 8.6896000 2.6300000
v 27.7371000 8.6896000 3.1000000
v 27.7371000 10.2246000 3.1000000
v 27.4371000 10.2246000 3.1000000
v 27.4371000 8.6896000 3.1000000
f 722 721 724
f 723 722 724
f 728 725 726
f 728 726 727
f 726 725 722
f 722 725 721
f 727 726 723
f 723 726 722
f 725 728 721
f 721 728 724
f 728 727 724
f 724 727 723
o W08_O5_pokoj_08_rama_dol
g 05_STOLARKA_SCHEMATYCZNA
usemtl stolarka
v 27.6321000 8.6896000 0.0000000
v 27.6321000 10.2246000 0.0000000
v 27.5421000 10.2246000 0.0000000
v 27.5421000 8.6896000 0.0000000
v 27.6321000 8.6896000 0.0600000
v 27.6321000 10.2246000 0.0600000
v 27.5421000 10.2246000 0.0600000
v 27.5421000 8.6896000 0.0600000
f 730 729 732
f 731 730 732
f 736 733 734
f 736 734 735
f 734 733 730
f 730 733 729
f 735 734 731
f 731 734 730
f 733 736 729
f 729 736 732
f 736 735 732
f 732 735 731
o W08_O5_pokoj_08_rama_gora
g 05_STOLARKA_SCHEMATYCZNA
usemtl stolarka
v 27.6321000 8.6896000 2.5700000
v 27.6321000 10.2246000 2.5700000
v 27.5421000 10.2246000 2.5700000
v 27.5421000 8.6896000 2.5700000
v 27.6321000 8.6896000 2.6300000
v 27.6321000 10.2246000 2.6300000
v 27.5421000 10.2246000 2.6300000
v 27.5421000 8.6896000 2.6300000
f 738 737 740
f 739 738 740
f 744 741 742
f 744 742 743
f 742 741 738
f 738 741 737
f 743 742 739
f 739 742 738
f 741 744 737
f 737 744 740
f 744 743 740
f 740 743 739
o W08_O5_pokoj_08_rama_bok_1
g 05_STOLARKA_SCHEMATYCZNA
usemtl stolarka
v 27.6321000 8.6896000 0.0600000
v 27.6321000 8.7496000 0.0600000
v 27.5421000 8.7496000 0.0600000
v 27.5421000 8.6896000 0.0600000
v 27.6321000 8.6896000 2.5700000
v 27.6321000 8.7496000 2.5700000
v 27.5421000 8.7496000 2.5700000
v 27.5421000 8.6896000 2.5700000
f 746 745 748
f 747 746 748
f 752 749 750
f 752 750 751
f 750 749 746
f 746 749 745
f 751 750 747
f 747 750 746
f 749 752 745
f 745 752 748
f 752 751 748
f 748 751 747
o W08_O5_pokoj_08_rama_bok_2
g 05_STOLARKA_SCHEMATYCZNA
usemtl stolarka
v 27.6321000 10.1646000 0.0600000
v 27.6321000 10.2246000 0.0600000
v 27.5421000 10.2246000 0.0600000
v 27.5421000 10.1646000 0.0600000
v 27.6321000 10.1646000 2.5700000
v 27.6321000 10.2246000 2.5700000
v 27.5421000 10.2246000 2.5700000
v 27.5421000 10.1646000 2.5700000
f 754 753 756
f 755 754 756
f 760 757 758
f 760 758 759
f 758 757 754
f 754 757 753
f 759 758 755
f 755 758 754
f 757 760 753
f 753 760 756
f 760 759 756
f 756 759 755
o W08_O5_pokoj_08_szklo
g 05_STOLARKA_SCHEMATYCZNA
usemtl szklo
v 27.5921000 8.7496000 0.0600000
v 27.5921000 10.1646000 0.0600000
v 27.5821000 10.1646000 0.0600000
v 27.5821000 8.7496000 0.0600000
v 27.5921000 8.7496000 2.5700000
v 27.5921000 10.1646000 2.5700000
v 27.5821000 10.1646000 2.5700000
v 27.5821000 8.7496000 2.5700000
f 762 761 764
f 763 762 764
f 768 765 766
f 768 766 767
f 766 765 762
f 762 765 761
f 767 766 763
f 763 766 762
f 765 768 761
f 761 768 764
f 768 767 764
f 764 767 763
o W09_mur_nad_oknem
g 02_SCIANY_POD_I_NAD_OTWORAMI
usemtl uzupelnienia
v 19.8374000 10.3600000 2.6300000
v 19.8374000 10.6600000 2.6300000
v 16.5599000 10.6600000 2.6300000
v 16.5599000 10.3600000 2.6300000
v 19.8374000 10.3600000 3.1000000
v 19.8374000 10.6600000 3.1000000
v 16.5599000 10.6600000 3.1000000
v 16.5599000 10.3600000 3.1000000
f 770 769 772
f 771 770 772
f 776 773 774
f 776 774 775
f 774 773 770
f 770 773 769
f 775 774 771
f 771 774 770
f 773 776 769
f 769 776 772
f 776 775 772
f 772 775 771
o W09_O6_pokoj_10_rama_dol
g 05_STOLARKA_SCHEMATYCZNA
usemtl stolarka
v 19.8374000 10.4650000 0.0000000
v 19.8374000 10.5550000 0.0000000
v 16.5599000 10.5550000 0.0000000
v 16.5599000 10.4650000 0.0000000
v 19.8374000 10.4650000 0.0600000
v 19.8374000 10.5550000 0.0600000
v 16.5599000 10.5550000 0.0600000
v 16.5599000 10.4650000 0.0600000
f 778 777 780
f 779 778 780
f 784 781 782
f 784 782 783
f 782 781 778
f 778 781 777
f 783 782 779
f 779 782 778
f 781 784 777
f 777 784 780
f 784 783 780
f 780 783 779
o W09_O6_pokoj_10_rama_gora
g 05_STOLARKA_SCHEMATYCZNA
usemtl stolarka
v 19.8374000 10.4650000 2.5700000
v 19.8374000 10.5550000 2.5700000
v 16.5599000 10.5550000 2.5700000
v 16.5599000 10.4650000 2.5700000
v 19.8374000 10.4650000 2.6300000
v 19.8374000 10.5550000 2.6300000
v 16.5599000 10.5550000 2.6300000
v 16.5599000 10.4650000 2.6300000
f 786 785 788
f 787 786 788
f 792 789 790
f 792 790 791
f 790 789 786
f 786 789 785
f 791 790 787
f 787 790 786
f 789 792 785
f 785 792 788
f 792 791 788
f 788 791 787
o W09_O6_pokoj_10_rama_bok_1
g 05_STOLARKA_SCHEMATYCZNA
usemtl stolarka
v 16.6199000 10.4650000 0.0600000
v 16.6199000 10.5550000 0.0600000
v 16.5599000 10.5550000 0.0600000
v 16.5599000 10.4650000 0.0600000
v 16.6199000 10.4650000 2.5700000
v 16.6199000 10.5550000 2.5700000
v 16.5599000 10.5550000 2.5700000
v 16.5599000 10.4650000 2.5700000
f 794 793 796
f 795 794 796
f 800 797 798
f 800 798 799
f 798 797 794
f 794 797 793
f 799 798 795
f 795 798 794
f 797 800 793
f 793 800 796
f 800 799 796
f 796 799 795
o W09_O6_pokoj_10_rama_bok_2
g 05_STOLARKA_SCHEMATYCZNA
usemtl stolarka
v 19.8374000 10.4650000 0.0600000
v 19.8374000 10.5550000 0.0600000
v 19.7774000 10.5550000 0.0600000
v 19.7774000 10.4650000 0.0600000
v 19.8374000 10.4650000 2.5700000
v 19.8374000 10.5550000 2.5700000
v 19.7774000 10.5550000 2.5700000
v 19.7774000 10.4650000 2.5700000
f 802 801 804
f 803 802 804
f 808 805 806
f 808 806 807
f 806 805 802
f 802 805 801
f 807 806 803
f 803 806 802
f 805 808 801
f 801 808 804
f 808 807 804
f 804 807 803
o W09_O6_pokoj_10_slupek_1
g 05_STOLARKA_SCHEMATYCZNA
usemtl stolarka
v 18.2286500 10.4650000 0.0600000
v 18.2286500 10.5550000 0.0600000
v 18.1686500 10.5550000 0.0600000
v 18.1686500 10.4650000 0.0600000
v 18.2286500 10.4650000 2.5700000
v 18.2286500 10.5550000 2.5700000
v 18.1686500 10.5550000 2.5700000
v 18.1686500 10.4650000 2.5700000
f 810 809 812
f 811 810 812
f 816 813 814
f 816 814 815
f 814 813 810
f 810 813 809
f 815 814 811
f 811 814 810
f 813 816 809
f 809 816 812
f 816 815 812
f 812 815 811
o W09_O6_pokoj_10_szklo
g 05_STOLARKA_SCHEMATYCZNA
usemtl szklo
v 19.7774000 10.5050000 0.0600000
v 19.7774000 10.5150000 0.0600000
v 16.6199000 10.5150000 0.0600000
v 16.6199000 10.5050000 0.0600000
v 19.7774000 10.5050000 2.5700000
v 19.7774000 10.5150000 2.5700000
v 16.6199000 10.5150000 2.5700000
v 16.6199000 10.5050000 2.5700000
f 818 817 820
f 819 818 820
f 824 821 822
f 824 822 823
f 822 821 818
f 818 821 817
f 823 822 819
f 819 822 818
f 821 824 817
f 817 824 820
f 824 823 820
f 820 823 819
o W10_mur_nad_oknem
g 02_SCIANY_POD_I_NAD_OTWORAMI
usemtl uzupelnienia
v 16.5599000 10.3600000 2.6300000
v 16.5599000 10.6600000 2.6300000
v 13.2824000 10.6600000 2.6300000
v 13.2824000 10.3600000 2.6300000
v 16.5599000 10.3600000 3.1000000
v 16.5599000 10.6600000 3.1000000
v 13.2824000 10.6600000 3.1000000
v 13.2824000 10.3600000 3.1000000
f 826 825 828
f 827 826 828
f 832 829 830
f 832 830 831
f 830 829 826
f 826 829 825
f 831 830 827
f 827 830 826
f 829 832 825
f 825 832 828
f 832 831 828
f 828 831 827
o W10_O7_pokoj_10_rama_dol
g 05_STOLARKA_SCHEMATYCZNA
usemtl stolarka
v 16.5599000 10.4650000 0.0000000
v 16.5599000 10.5550000 0.0000000
v 13.2824000 10.5550000 0.0000000
v 13.2824000 10.4650000 0.0000000
v 16.5599000 10.4650000 0.0600000
v 16.5599000 10.5550000 0.0600000
v 13.2824000 10.5550000 0.0600000
v 13.2824000 10.4650000 0.0600000
f 834 833 836
f 835 834 836
f 840 837 838
f 840 838 839
f 838 837 834
f 834 837 833
f 839 838 835
f 835 838 834
f 837 840 833
f 833 840 836
f 840 839 836
f 836 839 835
o W10_O7_pokoj_10_rama_gora
g 05_STOLARKA_SCHEMATYCZNA
usemtl stolarka
v 16.5599000 10.4650000 2.5700000
v 16.5599000 10.5550000 2.5700000
v 13.2824000 10.5550000 2.5700000
v 13.2824000 10.4650000 2.5700000
v 16.5599000 10.4650000 2.6300000
v 16.5599000 10.5550000 2.6300000
v 13.2824000 10.5550000 2.6300000
v 13.2824000 10.4650000 2.6300000
f 842 841 844
f 843 842 844
f 848 845 846
f 848 846 847
f 846 845 842
f 842 845 841
f 847 846 843
f 843 846 842
f 845 848 841
f 841 848 844
f 848 847 844
f 844 847 843
o W10_O7_pokoj_10_rama_bok_1
g 05_STOLARKA_SCHEMATYCZNA
usemtl stolarka
v 13.3424000 10.4650000 0.0600000
v 13.3424000 10.5550000 0.0600000
v 13.2824000 10.5550000 0.0600000
v 13.2824000 10.4650000 0.0600000
v 13.3424000 10.4650000 2.5700000
v 13.3424000 10.5550000 2.5700000
v 13.2824000 10.5550000 2.5700000
v 13.2824000 10.4650000 2.5700000
f 850 849 852
f 851 850 852
f 856 853 854
f 856 854 855
f 854 853 850
f 850 853 849
f 855 854 851
f 851 854 850
f 853 856 849
f 849 856 852
f 856 855 852
f 852 855 851
o W10_O7_pokoj_10_rama_bok_2
g 05_STOLARKA_SCHEMATYCZNA
usemtl stolarka
v 16.5599000 10.4650000 0.0600000
v 16.5599000 10.5550000 0.0600000
v 16.4999000 10.5550000 0.0600000
v 16.4999000 10.4650000 0.0600000
v 16.5599000 10.4650000 2.5700000
v 16.5599000 10.5550000 2.5700000
v 16.4999000 10.5550000 2.5700000
v 16.4999000 10.4650000 2.5700000
f 858 857 860
f 859 858 860
f 864 861 862
f 864 862 863
f 862 861 858
f 858 861 857
f 863 862 859
f 859 862 858
f 861 864 857
f 857 864 860
f 864 863 860
f 860 863 859
o W10_O7_pokoj_10_slupek_1
g 05_STOLARKA_SCHEMATYCZNA
usemtl stolarka
v 14.9511500 10.4650000 0.0600000
v 14.9511500 10.5550000 0.0600000
v 14.8911500 10.5550000 0.0600000
v 14.8911500 10.4650000 0.0600000
v 14.9511500 10.4650000 2.5700000
v 14.9511500 10.5550000 2.5700000
v 14.8911500 10.5550000 2.5700000
v 14.8911500 10.4650000 2.5700000
f 866 865 868
f 867 866 868
f 872 869 870
f 872 870 871
f 870 869 866
f 866 869 865
f 871 870 867
f 867 870 866
f 869 872 865
f 865 872 868
f 872 871 868
f 868 871 867
o W10_O7_pokoj_10_szklo
g 05_STOLARKA_SCHEMATYCZNA
usemtl szklo
v 16.4999000 10.5050000 0.0600000
v 16.4999000 10.5150000 0.0600000
v 13.3424000 10.5150000 0.0600000
v 13.3424000 10.5050000 0.0600000
v 16.4999000 10.5050000 2.5700000
v 16.4999000 10.5150000 2.5700000
v 13.3424000 10.5150000 2.5700000
v 13.3424000 10.5050000 2.5700000
f 874 873 876
f 875 874 876
f 880 877 878
f 880 878 879
f 878 877 874
f 874 877 873
f 879 878 875
f 875 878 874
f 877 880 873
f 873 880 876
f 880 879 876
f 876 879 875
o W11_mur_pod_oknem
g 02_SCIANY_POD_I_NAD_OTWORAMI
usemtl uzupelnienia
v 10.2750000 9.3600000 0.0000000
v 10.2750000 9.6600000 0.0000000
v 7.7100000 9.6600000 0.0000000
v 7.7100000 9.3600000 0.0000000
v 10.2750000 9.3600000 0.9000000
v 10.2750000 9.6600000 0.9000000
v 7.7100000 9.6600000 0.9000000
v 7.7100000 9.3600000 0.9000000
f 882 881 884
f 883 882 884
f 888 885 886
f 888 886 887
f 886 885 882
f 882 885 881
f 887 886 883
f 883 886 882
f 885 888 881
f 881 888 884
f 888 887 884
f 884 887 883
o W11_mur_nad_oknem
g 02_SCIANY_POD_I_NAD_OTWORAMI
usemtl uzupelnienia
v 10.2750000 9.3600000 2.3900000
v 10.2750000 9.6600000 2.3900000
v 7.7100000 9.6600000 2.3900000
v 7.7100000 9.3600000 2.3900000
v 10.2750000 9.3600000 3.1000000
v 10.2750000 9.6600000 3.1000000
v 7.7100000 9.6600000 3.1000000
v 7.7100000 9.3600000 3.1000000
f 890 889 892
f 891 890 892
f 896 893 894
f 896 894 895
f 894 893 890
f 890 893 889
f 895 894 891
f 891 894 890
f 893 896 889
f 889 896 892
f 896 895 892
f 892 895 891
o W11_O8_pokoj_11_rama_dol
g 05_STOLARKA_SCHEMATYCZNA
usemtl stolarka
v 10.2750000 9.4650000 0.9000000
v 10.2750000 9.5550000 0.9000000
v 7.7100000 9.5550000 0.9000000
v 7.7100000 9.4650000 0.9000000
v 10.2750000 9.4650000 0.9600000
v 10.2750000 9.5550000 0.9600000
v 7.7100000 9.5550000 0.9600000
v 7.7100000 9.4650000 0.9600000
f 898 897 900
f 899 898 900
f 904 901 902
f 904 902 903
f 902 901 898
f 898 901 897
f 903 902 899
f 899 902 898
f 901 904 897
f 897 904 900
f 904 903 900
f 900 903 899
o W11_O8_pokoj_11_rama_gora
g 05_STOLARKA_SCHEMATYCZNA
usemtl stolarka
v 10.2750000 9.4650000 2.3300000
v 10.2750000 9.5550000 2.3300000
v 7.7100000 9.5550000 2.3300000
v 7.7100000 9.4650000 2.3300000
v 10.2750000 9.4650000 2.3900000
v 10.2750000 9.5550000 2.3900000
v 7.7100000 9.5550000 2.3900000
v 7.7100000 9.4650000 2.3900000
f 906 905 908
f 907 906 908
f 912 909 910
f 912 910 911
f 910 909 906
f 906 909 905
f 911 910 907
f 907 910 906
f 909 912 905
f 905 912 908
f 912 911 908
f 908 911 907
o W11_O8_pokoj_11_rama_bok_1
g 05_STOLARKA_SCHEMATYCZNA
usemtl stolarka
v 7.7700000 9.4650000 0.9600000
v 7.7700000 9.5550000 0.9600000
v 7.7100000 9.5550000 0.9600000
v 7.7100000 9.4650000 0.9600000
v 7.7700000 9.4650000 2.3300000
v 7.7700000 9.5550000 2.3300000
v 7.7100000 9.5550000 2.3300000
v 7.7100000 9.4650000 2.3300000
f 914 913 916
f 915 914 916
f 920 917 918
f 920 918 919
f 918 917 914
f 914 917 913
f 919 918 915
f 915 918 914
f 917 920 913
f 913 920 916
f 920 919 916
f 916 919 915
o W11_O8_pokoj_11_rama_bok_2
g 05_STOLARKA_SCHEMATYCZNA
usemtl stolarka
v 10.2750000 9.4650000 0.9600000
v 10.2750000 9.5550000 0.9600000
v 10.2150000 9.5550000 0.9600000
v 10.2150000 9.4650000 0.9600000
v 10.2750000 9.4650000 2.3300000
v 10.2750000 9.5550000 2.3300000
v 10.2150000 9.5550000 2.3300000
v 10.2150000 9.4650000 2.3300000
f 922 921 924
f 923 922 924
f 928 925 926
f 928 926 927
f 926 925 922
f 922 925 921
f 927 926 923
f 923 926 922
f 925 928 921
f 921 928 924
f 928 927 924
f 924 927 923
o W11_O8_pokoj_11_szklo
g 05_STOLARKA_SCHEMATYCZNA
usemtl szklo
v 10.2150000 9.5050000 0.9600000
v 10.2150000 9.5150000 0.9600000
v 7.7700000 9.5150000 0.9600000
v 7.7700000 9.5050000 0.9600000
v 10.2150000 9.5050000 2.3300000
v 10.2150000 9.5150000 2.3300000
v 7.7700000 9.5150000 2.3300000
v 7.7700000 9.5050000 2.3300000
f 930 929 932
f 931 930 932
f 936 933 934
f 936 934 935
f 934 933 930
f 930 933 929
f 935 934 931
f 931 934 930
f 933 936 929
f 929 936 932
f 936 935 932
f 932 935 931
o WG01_mur_pod_oknem
g 02_SCIANY_POD_I_NAD_OTWORAMI
usemtl uzupelnienia
v 0.5600000 3.6842000 0.0000000
v 0.5600000 5.1542000 0.0000000
v 0.2600000 5.1542000 0.0000000
v 0.2600000 3.6842000 0.0000000
v 0.5600000 3.6842000 1.6500000
v 0.5600000 5.1542000 1.6500000
v 0.2600000 5.1542000 1.6500000
v 0.2600000 3.6842000 1.6500000
f 938 937 940
f 939 938 940
f 944 941 942
f 944 942 943
f 942 941 938
f 938 941 937
f 943 942 939
f 939 942 938
f 941 944 937
f 937 944 940
f 944 943 940
f 940 943 939
o WG01_mur_nad_oknem
g 02_SCIANY_POD_I_NAD_OTWORAMI
usemtl uzupelnienia
v 0.5600000 3.6842000 2.2250000
v 0.5600000 5.1542000 2.2250000
v 0.2600000 5.1542000 2.2250000
v 0.2600000 3.6842000 2.2250000
v 0.5600000 3.6842000 3.1000000
v 0.5600000 5.1542000 3.1000000
v 0.2600000 5.1542000 3.1000000
v 0.2600000 3.6842000 3.1000000
f 946 945 948
f 947 946 948
f 952 949 950
f 952 950 951
f 950 949 946
f 946 949 945
f 951 950 947
f 947 950 946
f 949 952 945
f 945 952 948
f 952 951 948
f 948 951 947
o WG01_OG1_pokoj_13_rama_dol
g 05_STOLARKA_SCHEMATYCZNA
usemtl stolarka
v 0.4550000 3.6842000 1.6500000
v 0.4550000 5.1542000 1.6500000
v 0.3650000 5.1542000 1.6500000
v 0.3650000 3.6842000 1.6500000
v 0.4550000 3.6842000 1.7100000
v 0.4550000 5.1542000 1.7100000
v 0.3650000 5.1542000 1.7100000
v 0.3650000 3.6842000 1.7100000
f 954 953 956
f 955 954 956
f 960 957 958
f 960 958 959
f 958 957 954
f 954 957 953
f 959 958 955
f 955 958 954
f 957 960 953
f 953 960 956
f 960 959 956
f 956 959 955
o WG01_OG1_pokoj_13_rama_gora
g 05_STOLARKA_SCHEMATYCZNA
usemtl stolarka
v 0.4550000 3.6842000 2.1650000
v 0.4550000 5.1542000 2.1650000
v 0.3650000 5.1542000 2.1650000
v 0.3650000 3.6842000 2.1650000
v 0.4550000 3.6842000 2.2250000
v 0.4550000 5.1542000 2.2250000
v 0.3650000 5.1542000 2.2250000
v 0.3650000 3.6842000 2.2250000
f 962 961 964
f 963 962 964
f 968 965 966
f 968 966 967
f 966 965 962
f 962 965 961
f 967 966 963
f 963 966 962
f 965 968 961
f 961 968 964
f 968 967 964
f 964 967 963
o WG01_OG1_pokoj_13_rama_bok_1
g 05_STOLARKA_SCHEMATYCZNA
usemtl stolarka
v 0.4550000 3.6842000 1.7100000
v 0.4550000 3.7442000 1.7100000
v 0.3650000 3.7442000 1.7100000
v 0.3650000 3.6842000 1.7100000
v 0.4550000 3.6842000 2.1650000
v 0.4550000 3.7442000 2.1650000
v 0.3650000 3.7442000 2.1650000
v 0.3650000 3.6842000 2.1650000
f 970 969 972
f 971 970 972
f 976 973 974
f 976 974 975
f 974 973 970
f 970 973 969
f 975 974 971
f 971 974 970
f 973 976 969
f 969 976 972
f 976 975 972
f 972 975 971
o WG01_OG1_pokoj_13_rama_bok_2
g 05_STOLARKA_SCHEMATYCZNA
usemtl stolarka
v 0.4550000 5.0942000 1.7100000
v 0.4550000 5.1542000 1.7100000
v 0.3650000 5.1542000 1.7100000
v 0.3650000 5.0942000 1.7100000
v 0.4550000 5.0942000 2.1650000
v 0.4550000 5.1542000 2.1650000
v 0.3650000 5.1542000 2.1650000
v 0.3650000 5.0942000 2.1650000
f 978 977 980
f 979 978 980
f 984 981 982
f 984 982 983
f 982 981 978
f 978 981 977
f 983 982 979
f 979 982 978
f 981 984 977
f 977 984 980
f 984 983 980
f 980 983 979
o WG01_OG1_pokoj_13_szklo
g 05_STOLARKA_SCHEMATYCZNA
usemtl szklo
v 0.4150000 3.7442000 1.7100000
v 0.4150000 5.0942000 1.7100000
v 0.4050000 5.0942000 1.7100000
v 0.4050000 3.7442000 1.7100000
v 0.4150000 3.7442000 2.1650000
v 0.4150000 5.0942000 2.1650000
v 0.4050000 5.0942000 2.1650000
v 0.4050000 3.7442000 2.1650000
f 986 985 988
f 987 986 988
f 992 989 990
f 992 990 991
f 990 989 986
f 986 989 985
f 991 990 987
f 987 990 986
f 989 992 985
f 985 992 988
f 992 991 988
f 988 991 987
o WG02_mur_pod_oknem
g 02_SCIANY_POD_I_NAD_OTWORAMI
usemtl uzupelnienia
v 0.5600000 6.6750000 0.0000000
v 0.5600000 8.1450000 0.0000000
v 0.2600000 8.1450000 0.0000000
v 0.2600000 6.6750000 0.0000000
v 0.5600000 6.6750000 1.6500000
v 0.5600000 8.1450000 1.6500000
v 0.2600000 8.1450000 1.6500000
v 0.2600000 6.6750000 1.6500000
f 994 993 996
f 995 994 996
f 1000 997 998
f 1000 998 999
f 998 997 994
f 994 997 993
f 999 998 995
f 995 998 994
f 997 1000 993
f 993 1000 996
f 1000 999 996
f 996 999 995
o WG02_mur_nad_oknem
g 02_SCIANY_POD_I_NAD_OTWORAMI
usemtl uzupelnienia
v 0.5600000 6.6750000 2.2250000
v 0.5600000 8.1450000 2.2250000
v 0.2600000 8.1450000 2.2250000
v 0.2600000 6.6750000 2.2250000
v 0.5600000 6.6750000 3.1000000
v 0.5600000 8.1450000 3.1000000
v 0.2600000 8.1450000 3.1000000
v 0.2600000 6.6750000 3.1000000
f 1002 1001 1004
f 1003 1002 1004
f 1008 1005 1006
f 1008 1006 1007
f 1006 1005 1002
f 1002 1005 1001
f 1007 1006 1003
f 1003 1006 1002
f 1005 1008 1001
f 1001 1008 1004
f 1008 1007 1004
f 1004 1007 1003
o WG02_OG2_pokoj_13_rama_dol
g 05_STOLARKA_SCHEMATYCZNA
usemtl stolarka
v 0.4550000 6.6750000 1.6500000
v 0.4550000 8.1450000 1.6500000
v 0.3650000 8.1450000 1.6500000
v 0.3650000 6.6750000 1.6500000
v 0.4550000 6.6750000 1.7100000
v 0.4550000 8.1450000 1.7100000
v 0.3650000 8.1450000 1.7100000
v 0.3650000 6.6750000 1.7100000
f 1010 1009 1012
f 1011 1010 1012
f 1016 1013 1014
f 1016 1014 1015
f 1014 1013 1010
f 1010 1013 1009
f 1015 1014 1011
f 1011 1014 1010
f 1013 1016 1009
f 1009 1016 1012
f 1016 1015 1012
f 1012 1015 1011
o WG02_OG2_pokoj_13_rama_gora
g 05_STOLARKA_SCHEMATYCZNA
usemtl stolarka
v 0.4550000 6.6750000 2.1650000
v 0.4550000 8.1450000 2.1650000
v 0.3650000 8.1450000 2.1650000
v 0.3650000 6.6750000 2.1650000
v 0.4550000 6.6750000 2.2250000
v 0.4550000 8.1450000 2.2250000
v 0.3650000 8.1450000 2.2250000
v 0.3650000 6.6750000 2.2250000
f 1018 1017 1020
f 1019 1018 1020
f 1024 1021 1022
f 1024 1022 1023
f 1022 1021 1018
f 1018 1021 1017
f 1023 1022 1019
f 1019 1022 1018
f 1021 1024 1017
f 1017 1024 1020
f 1024 1023 1020
f 1020 1023 1019
o WG02_OG2_pokoj_13_rama_bok_1
g 05_STOLARKA_SCHEMATYCZNA
usemtl stolarka
v 0.4550000 6.6750000 1.7100000
v 0.4550000 6.7350000 1.7100000
v 0.3650000 6.7350000 1.7100000
v 0.3650000 6.6750000 1.7100000
v 0.4550000 6.6750000 2.1650000
v 0.4550000 6.7350000 2.1650000
v 0.3650000 6.7350000 2.1650000
v 0.3650000 6.6750000 2.1650000
f 1026 1025 1028
f 1027 1026 1028
f 1032 1029 1030
f 1032 1030 1031
f 1030 1029 1026
f 1026 1029 1025
f 1031 1030 1027
f 1027 1030 1026
f 1029 1032 1025
f 1025 1032 1028
f 1032 1031 1028
f 1028 1031 1027
o WG02_OG2_pokoj_13_rama_bok_2
g 05_STOLARKA_SCHEMATYCZNA
usemtl stolarka
v 0.4550000 8.0850000 1.7100000
v 0.4550000 8.1450000 1.7100000
v 0.3650000 8.1450000 1.7100000
v 0.3650000 8.0850000 1.7100000
v 0.4550000 8.0850000 2.1650000
v 0.4550000 8.1450000 2.1650000
v 0.3650000 8.1450000 2.1650000
v 0.3650000 8.0850000 2.1650000
f 1034 1033 1036
f 1035 1034 1036
f 1040 1037 1038
f 1040 1038 1039
f 1038 1037 1034
f 1034 1037 1033
f 1039 1038 1035
f 1035 1038 1034
f 1037 1040 1033
f 1033 1040 1036
f 1040 1039 1036
f 1036 1039 1035
o WG02_OG2_pokoj_13_szklo
g 05_STOLARKA_SCHEMATYCZNA
usemtl szklo
v 0.4150000 6.7350000 1.7100000
v 0.4150000 8.0850000 1.7100000
v 0.4050000 8.0850000 1.7100000
v 0.4050000 6.7350000 1.7100000
v 0.4150000 6.7350000 2.1650000
v 0.4150000 8.0850000 2.1650000
v 0.4050000 8.0850000 2.1650000
v 0.4050000 6.7350000 2.1650000
f 1042 1041 1044
f 1043 1042 1044
f 1048 1045 1046
f 1048 1046 1047
f 1046 1045 1042
f 1042 1045 1041
f 1047 1046 1043
f 1043 1046 1042
f 1045 1048 1041
f 1041 1048 1044
f 1048 1047 1044
f 1044 1047 1043
o DR01_mur_nad_drzwiami
g 02_SCIANY_POD_I_NAD_OTWORAMI
usemtl uzupelnienia
v 6.0350000 1.8692000 2.2500000
v 6.0350000 2.1692000 2.2500000
v 0.9350000 2.1692000 2.2500000
v 0.9350000 1.8692000 2.2500000
v 6.0350000 1.8692000 3.1000000
v 6.0350000 2.1692000 3.1000000
v 0.9350000 2.1692000 3.1000000
v 0.9350000 1.8692000 3.1000000
f 1050 1049 1052
f 1051 1050 1052
f 1056 1053 1054
f 1056 1054 1055
f 1054 1053 1050
f 1050 1053 1049
f 1055 1054 1051
f 1051 1054 1050
f 1053 1056 1049
f 1049 1056 1052
f 1056 1055 1052
f 1052 1055 1051
o DR01_D1__symbol
g 05_STOLARKA_SCHEMATYCZNA
usemtl drzwi
v 5.9850000 1.9992000 0.0000000
v 5.9850000 2.0392000 0.0000000
v 0.9850000 2.0392000 0.0000000
v 0.9850000 1.9992000 0.0000000
v 5.9850000 1.9992000 2.2500000
v 5.9850000 2.0392000 2.2500000
v 0.9850000 2.0392000 2.2500000
v 0.9850000 1.9992000 2.2500000
f 1058 1057 1060
f 1059 1058 1060
f 1064 1061 1062
f 1064 1062 1063
f 1062 1061 1058
f 1058 1061 1057
f 1063 1062 1059
f 1059 1062 1058
f 1061 1064 1057
f 1057 1064 1060
f 1064 1063 1060
f 1060 1063 1059
o DR01_powierzchnia_w_przejsciu
g 04_PODLOGI_POWIERZCHNIE_ODNIESIENIA
usemtl progi
v 6.0350000 1.8692000 0.0000000
v 6.0350000 2.1692000 0.0000000
v 0.9350000 2.1692000 0.0000000
v 0.9350000 1.8692000 0.0000000
f 1068 1065 1066
f 1068 1066 1067
o DR02_mur_nad_drzwiami
g 02_SCIANY_POD_I_NAD_OTWORAMI
usemtl uzupelnienia
v 14.4339000 2.6600000 2.1000000
v 14.4339000 2.9600000 2.1000000
v 12.9339000 2.9600000 2.1000000
v 12.9339000 2.6600000 2.1000000
v 14.4339000 2.6600000 3.1000000
v 14.4339000 2.9600000 3.1000000
v 12.9339000 2.9600000 3.1000000
v 12.9339000 2.6600000 3.1000000
f 1070 1069 1072
f 1071 1070 1072
f 1076 1073 1074
f 1076 1074 1075
f 1074 1073 1070
f 1070 1073 1069
f 1075 1074 1071
f 1071 1074 1070
f 1073 1076 1069
f 1069 1076 1072
f 1076 1075 1072
f 1072 1075 1071
o DR02_DZ__symbol
g 05_STOLARKA_SCHEMATYCZNA
usemtl drzwi
v 14.3839000 2.7900000 0.0000000
v 14.3839000 2.8300000 0.0000000
v 12.9839000 2.8300000 0.0000000
v 12.9839000 2.7900000 0.0000000
v 14.3839000 2.7900000 2.1000000
v 14.3839000 2.8300000 2.1000000
v 12.9839000 2.8300000 2.1000000
v 12.9839000 2.7900000 2.1000000
f 1078 1077 1080
f 1079 1078 1080
f 1084 1081 1082
f 1084 1082 1083
f 1082 1081 1078
f 1078 1081 1077
f 1083 1082 1079
f 1079 1082 1078
f 1081 1084 1077
f 1077 1084 1080
f 1084 1083 1080
f 1080 1083 1079
o DR02_powierzchnia_w_przejsciu
g 04_PODLOGI_POWIERZCHNIE_ODNIESIENIA
usemtl progi
v 14.4339000 2.6600000 0.0000000
v 14.4339000 2.9600000 0.0000000
v 12.9339000 2.9600000 0.0000000
v 12.9339000 2.6600000 0.0000000
f 1088 1085 1086
f 1088 1086 1087
o DR03_mur_nad_drzwiami
g 02_SCIANY_POD_I_NAD_OTWORAMI
usemtl uzupelnienia
v 5.1100000 8.7509000 2.1000000
v 5.1100000 8.9009000 2.1000000
v 4.1100000 8.9009000 2.1000000
v 4.1100000 8.7509000 2.1000000
v 5.1100000 8.7509000 3.1000000
v 5.1100000 8.9009000 3.1000000
v 4.1100000 8.9009000 3.1000000
v 4.1100000 8.7509000 3.1000000
f 1090 1089 1092
f 1091 1090 1092
f 1096 1093 1094
f 1096 1094 1095
f 1094 1093 1090
f 1090 1093 1089
f 1095 1094 1091
f 1091 1094 1090
f 1093 1096 1089
f 1089 1096 1092
f 1096 1095 1092
f 1092 1095 1091
o DR03_D2__symbol
g 05_STOLARKA_SCHEMATYCZNA
usemtl drzwi
v 5.0600000 8.8059000 0.0000000
v 5.0600000 8.8459000 0.0000000
v 4.1600000 8.8459000 0.0000000
v 4.1600000 8.8059000 0.0000000
v 5.0600000 8.8059000 2.1000000
v 5.0600000 8.8459000 2.1000000
v 4.1600000 8.8459000 2.1000000
v 4.1600000 8.8059000 2.1000000
f 1098 1097 1100
f 1099 1098 1100
f 1104 1101 1102
f 1104 1102 1103
f 1102 1101 1098
f 1098 1101 1097
f 1103 1102 1099
f 1099 1102 1098
f 1101 1104 1097
f 1097 1104 1100
f 1104 1103 1100
f 1100 1103 1099
o DR03_powierzchnia_w_przejsciu
g 04_PODLOGI_POWIERZCHNIE_ODNIESIENIA
usemtl progi
v 5.1100000 8.7509000 0.0000000
v 5.1100000 8.9009000 0.0000000
v 4.1100000 8.9009000 0.0000000
v 4.1100000 8.7509000 0.0000000
f 1108 1105 1106
f 1108 1106 1107
o DR04_mur_nad_drzwiami
g 02_SCIANY_POD_I_NAD_OTWORAMI
usemtl uzupelnienia
v 14.4339000 4.4600000 2.1000000
v 14.4339000 4.6100000 2.1000000
v 13.4339000 4.6100000 2.1000000
v 13.4339000 4.4600000 2.1000000
v 14.4339000 4.4600000 3.1000000
v 14.4339000 4.6100000 3.1000000
v 13.4339000 4.6100000 3.1000000
v 13.4339000 4.4600000 3.1000000
f 1110 1109 1112
f 1111 1110 1112
f 1116 1113 1114
f 1116 1114 1115
f 1114 1113 1110
f 1110 1113 1109
f 1115 1114 1111
f 1111 1114 1110
f 1113 1116 1109
f 1109 1116 1112
f 1116 1115 1112
f 1112 1115 1111
o DR04_D2__symbol
g 05_STOLARKA_SCHEMATYCZNA
usemtl drzwi
v 14.3839000 4.5150000 0.0000000
v 14.3839000 4.5550000 0.0000000
v 13.4839000 4.5550000 0.0000000
v 13.4839000 4.5150000 0.0000000
v 14.3839000 4.5150000 2.1000000
v 14.3839000 4.5550000 2.1000000
v 13.4839000 4.5550000 2.1000000
v 13.4839000 4.5150000 2.1000000
f 1118 1117 1120
f 1119 1118 1120
f 1124 1121 1122
f 1124 1122 1123
f 1122 1121 1118
f 1118 1121 1117
f 1123 1122 1119
f 1119 1122 1118
f 1121 1124 1117
f 1117 1124 1120
f 1124 1123 1120
f 1120 1123 1119
o DR04_powierzchnia_w_przejsciu
g 04_PODLOGI_POWIERZCHNIE_ODNIESIENIA
usemtl progi
v 14.4339000 4.4600000 0.0000000
v 14.4339000 4.6100000 0.0000000
v 13.4339000 4.6100000 0.0000000
v 13.4339000 4.4600000 0.0000000
f 1128 1125 1126
f 1128 1126 1127
o DR05_mur_nad_drzwiami
g 02_SCIANY_POD_I_NAD_OTWORAMI
usemtl uzupelnienia
v 21.1850000 4.3100000 2.1000000
v 21.1850000 4.4600000 2.1000000
v 20.1850000 4.4600000 2.1000000
v 20.1850000 4.3100000 2.1000000
v 21.1850000 4.3100000 3.1000000
v 21.1850000 4.4600000 3.1000000
v 20.1850000 4.4600000 3.1000000
v 20.1850000 4.3100000 3.1000000
f 1130 1129 1132
f 1131 1130 1132
f 1136 1133 1134
f 1136 1134 1135
f 1134 1133 1130
f 1130 1133 1129
f 1135 1134 1131
f 1131 1134 1130
f 1133 1136 1129
f 1129 1136 1132
f 1136 1135 1132
f 1132 1135 1131
o DR05_D2__symbol
g 05_STOLARKA_SCHEMATYCZNA
usemtl drzwi
v 21.1350000 4.3650000 0.0000000
v 21.1350000 4.4050000 0.0000000
v 20.2350000 4.4050000 0.0000000
v 20.2350000 4.3650000 0.0000000
v 21.1350000 4.3650000 2.1000000
v 21.1350000 4.4050000 2.1000000
v 20.2350000 4.4050000 2.1000000
v 20.2350000 4.3650000 2.1000000
f 1138 1137 1140
f 1139 1138 1140
f 1144 1141 1142
f 1144 1142 1143
f 1142 1141 1138
f 1138 1141 1137
f 1143 1142 1139
f 1139 1142 1138
f 1141 1144 1137
f 1137 1144 1140
f 1144 1143 1140
f 1140 1143 1139
o DR05_powierzchnia_w_przejsciu
g 04_PODLOGI_POWIERZCHNIE_ODNIESIENIA
usemtl progi
v 21.1850000 4.3100000 0.0000000
v 21.1850000 4.4600000 0.0000000
v 20.1850000 4.4600000 0.0000000
v 20.1850000 4.3100000 0.0000000
f 1148 1145 1146
f 1148 1146 1147
o DR06_mur_nad_drzwiami
g 02_SCIANY_POD_I_NAD_OTWORAMI
usemtl uzupelnienia
v 24.9600000 6.4192000 2.1000000
v 24.9600000 6.7192000 2.1000000
v 23.9600000 6.7192000 2.1000000
v 23.9600000 6.4192000 2.1000000
v 24.9600000 6.4192000 3.1000000
v 24.9600000 6.7192000 3.1000000
v 23.9600000 6.7192000 3.1000000
v 23.9600000 6.4192000 3.1000000
f 1150 1149 1152
f 1151 1150 1152
f 1156 1153 1154
f 1156 1154 1155
f 1154 1153 1150
f 1150 1153 1149
f 1155 1154 1151
f 1151 1154 1150
f 1153 1156 1149
f 1149 1156 1152
f 1156 1155 1152
f 1152 1155 1151
o DR06_D2__symbol
g 05_STOLARKA_SCHEMATYCZNA
usemtl drzwi
v 24.9100000 6.5492000 0.0000000
v 24.9100000 6.5892000 0.0000000
v 24.0100000 6.5892000 0.0000000
v 24.0100000 6.5492000 0.0000000
v 24.9100000 6.5492000 2.1000000
v 24.9100000 6.5892000 2.1000000
v 24.0100000 6.5892000 2.1000000
v 24.0100000 6.5492000 2.1000000
f 1158 1157 1160
f 1159 1158 1160
f 1164 1161 1162
f 1164 1162 1163
f 1162 1161 1158
f 1158 1161 1157
f 1163 1162 1159
f 1159 1162 1158
f 1161 1164 1157
f 1157 1164 1160
f 1164 1163 1160
f 1160 1163 1159
o DR06_powierzchnia_w_przejsciu
g 04_PODLOGI_POWIERZCHNIE_ODNIESIENIA
usemtl progi
v 24.9600000 6.4192000 0.0000000
v 24.9600000 6.7192000 0.0000000
v 23.9600000 6.7192000 0.0000000
v 23.9600000 6.4192000 0.0000000
f 1168 1165 1166
f 1168 1166 1167
o DR07_mur_nad_drzwiami
g 02_SCIANY_POD_I_NAD_OTWORAMI
usemtl uzupelnienia
v 10.3100000 3.0100000 2.1000000
v 10.3100000 4.0100000 2.1000000
v 10.0100000 4.0100000 2.1000000
v 10.0100000 3.0100000 2.1000000
v 10.3100000 3.0100000 3.1000000
v 10.3100000 4.0100000 3.1000000
v 10.0100000 4.0100000 3.1000000
v 10.0100000 3.0100000 3.1000000
f 1170 1169 1172
f 1171 1170 1172
f 1176 1173 1174
f 1176 1174 1175
f 1174 1173 1170
f 1170 1173 1169
f 1175 1174 1171
f 1171 1174 1170
f 1173 1176 1169
f 1169 1176 1172
f 1176 1175 1172
f 1172 1175 1171
o DR07_D3__symbol
g 05_STOLARKA_SCHEMATYCZNA
usemtl drzwi
v 10.1800000 3.0600000 0.0000000
v 10.1800000 3.9600000 0.0000000
v 10.1400000 3.9600000 0.0000000
v 10.1400000 3.0600000 0.0000000
v 10.1800000 3.0600000 2.1000000
v 10.1800000 3.9600000 2.1000000
v 10.1400000 3.9600000 2.1000000
v 10.1400000 3.0600000 2.1000000
f 1178 1177 1180
f 1179 1178 1180
f 1184 1181 1182
f 1184 1182 1183
f 1182 1181 1178
f 1178 1181 1177
f 1183 1182 1179
f 1179 1182 1178
f 1181 1184 1177
f 1177 1184 1180
f 1184 1183 1180
f 1180 1183 1179
o DR07_powierzchnia_w_przejsciu
g 04_PODLOGI_POWIERZCHNIE_ODNIESIENIA
usemtl progi
v 10.3100000 3.0100000 0.0000000
v 10.3100000 4.0100000 0.0000000
v 10.0100000 4.0100000 0.0000000
v 10.0100000 3.0100000 0.0000000
f 1188 1185 1186
f 1188 1186 1187
o DR08_mur_nad_drzwiami
g 02_SCIANY_POD_I_NAD_OTWORAMI
usemtl uzupelnienia
v 19.0600000 4.5400000 2.1000000
v 19.0600000 5.5400000 2.1000000
v 18.7600000 5.5400000 2.1000000
v 18.7600000 4.5400000 2.1000000
v 19.0600000 4.5400000 3.1000000
v 19.0600000 5.5400000 3.1000000
v 18.7600000 5.5400000 3.1000000
v 18.7600000 4.5400000 3.1000000
f 1190 1189 1192
f 1191 1190 1192
f 1196 1193 1194
f 1196 1194 1195
f 1194 1193 1190
f 1190 1193 1189
f 1195 1194 1191
f 1191 1194 1190
f 1193 1196 1189
f 1189 1196 1192
f 1196 1195 1192
f 1192 1195 1191
o DR08_D3__symbol
g 05_STOLARKA_SCHEMATYCZNA
usemtl drzwi
v 18.9300000 4.5900000 0.0000000
v 18.9300000 5.4900000 0.0000000
v 18.8900000 5.4900000 0.0000000
v 18.8900000 4.5900000 0.0000000
v 18.9300000 4.5900000 2.1000000
v 18.9300000 5.4900000 2.1000000
v 18.8900000 5.4900000 2.1000000
v 18.8900000 4.5900000 2.1000000
f 1198 1197 1200
f 1199 1198 1200
f 1204 1201 1202
f 1204 1202 1203
f 1202 1201 1198
f 1198 1201 1197
f 1203 1202 1199
f 1199 1202 1198
f 1201 1204 1197
f 1197 1204 1200
f 1204 1203 1200
f 1200 1203 1199
o DR08_powierzchnia_w_przejsciu
g 04_PODLOGI_POWIERZCHNIE_ODNIESIENIA
usemtl progi
v 19.0600000 4.5400000 0.0000000
v 19.0600000 5.5400000 0.0000000
v 18.7600000 5.5400000 0.0000000
v 18.7600000 4.5400000 0.0000000
f 1208 1205 1206
f 1208 1206 1207
o DR09_mur_nad_drzwiami
g 02_SCIANY_POD_I_NAD_OTWORAMI
usemtl uzupelnienia
v 23.8350000 4.3100000 2.1000000
v 23.8350000 4.4600000 2.1000000
v 22.8350000 4.4600000 2.1000000
v 22.8350000 4.3100000 2.1000000
v 23.8350000 4.3100000 3.1000000
v 23.8350000 4.4600000 3.1000000
v 22.8350000 4.4600000 3.1000000
v 22.8350000 4.3100000 3.1000000
f 1210 1209 1212
f 1211 1210 1212
f 1216 1213 1214
f 1216 1214 1215
f 1214 1213 1210
f 1210 1213 1209
f 1215 1214 1211
f 1211 1214 1210
f 1213 1216 1209
f 1209 1216 1212
f 1216 1215 1212
f 1212 1215 1211
o DR09_D3__symbol
g 05_STOLARKA_SCHEMATYCZNA
usemtl drzwi
v 23.7850000 4.3650000 0.0000000
v 23.7850000 4.4050000 0.0000000
v 22.8850000 4.4050000 0.0000000
v 22.8850000 4.3650000 0.0000000
v 23.7850000 4.3650000 2.1000000
v 23.7850000 4.4050000 2.1000000
v 22.8850000 4.4050000 2.1000000
v 22.8850000 4.3650000 2.1000000
f 1218 1217 1220
f 1219 1218 1220
f 1224 1221 1222
f 1224 1222 1223
f 1222 1221 1218
f 1218 1221 1217
f 1223 1222 1219
f 1219 1222 1218
f 1221 1224 1217
f 1217 1224 1220
f 1224 1223 1220
f 1220 1223 1219
o DR09_powierzchnia_w_przejsciu
g 04_PODLOGI_POWIERZCHNIE_ODNIESIENIA
usemtl progi
v 23.8350000 4.3100000 0.0000000
v 23.8350000 4.4600000 0.0000000
v 22.8350000 4.4600000 0.0000000
v 22.8350000 4.3100000 0.0000000
f 1228 1225 1226
f 1228 1226 1227
o DR10_mur_nad_drzwiami
g 02_SCIANY_POD_I_NAD_OTWORAMI
usemtl uzupelnienia
v 9.9100000 5.6200000 2.1000000
v 9.9100000 5.9200000 2.1000000
v 8.9100000 5.9200000 2.1000000
v 8.9100000 5.6200000 2.1000000
v 9.9100000 5.6200000 3.1000000
v 9.9100000 5.9200000 3.1000000
v 8.9100000 5.9200000 3.1000000
v 8.9100000 5.6200000 3.1000000
f 1230 1229 1232
f 1231 1230 1232
f 1236 1233 1234
f 1236 1234 1235
f 1234 1233 1230
f 1230 1233 1229
f 1235 1234 1231
f 1231 1234 1230
f 1233 1236 1229
f 1229 1236 1232
f 1236 1235 1232
f 1232 1235 1231
o DR10_D4__symbol
g 05_STOLARKA_SCHEMATYCZNA
usemtl drzwi
v 9.8600000 5.7500000 0.0000000
v 9.8600000 5.7900000 0.0000000
v 8.9600000 5.7900000 0.0000000
v 8.9600000 5.7500000 0.0000000
v 9.8600000 5.7500000 2.1000000
v 9.8600000 5.7900000 2.1000000
v 8.9600000 5.7900000 2.1000000
v 8.9600000 5.7500000 2.1000000
f 1238 1237 1240
f 1239 1238 1240
f 1244 1241 1242
f 1244 1242 1243
f 1242 1241 1238
f 1238 1241 1237
f 1243 1242 1239
f 1239 1242 1238
f 1241 1244 1237
f 1237 1244 1240
f 1244 1243 1240
f 1240 1243 1239
o DR10_powierzchnia_w_przejsciu
g 04_PODLOGI_POWIERZCHNIE_ODNIESIENIA
usemtl progi
v 9.9100000 5.6200000 0.0000000
v 9.9100000 5.9200000 0.0000000
v 8.9100000 5.9200000 0.0000000
v 8.9100000 5.6200000 0.0000000
f 1248 1245 1246
f 1248 1246 1247
o DR11_mur_nad_drzwiami
g 02_SCIANY_POD_I_NAD_OTWORAMI
usemtl uzupelnienia
v 20.0600000 5.6200000 2.1000000
v 20.0600000 5.9200000 2.1000000
v 19.0600000 5.9200000 2.1000000
v 19.0600000 5.6200000 2.1000000
v 20.0600000 5.6200000 3.1000000
v 20.0600000 5.9200000 3.1000000
v 19.0600000 5.9200000 3.1000000
v 19.0600000 5.6200000 3.1000000
f 1250 1249 1252
f 1251 1250 1252
f 1256 1253 1254
f 1256 1254 1255
f 1254 1253 1250
f 1250 1253 1249
f 1255 1254 1251
f 1251 1254 1250
f 1253 1256 1249
f 1249 1256 1252
f 1256 1255 1252
f 1252 1255 1251
o DR11_D4__symbol
g 05_STOLARKA_SCHEMATYCZNA
usemtl drzwi
v 20.0100000 5.7500000 0.0000000
v 20.0100000 5.7900000 0.0000000
v 19.1100000 5.7900000 0.0000000
v 19.1100000 5.7500000 0.0000000
v 20.0100000 5.7500000 2.1000000
v 20.0100000 5.7900000 2.1000000
v 19.1100000 5.7900000 2.1000000
v 19.1100000 5.7500000 2.1000000
f 1258 1257 1260
f 1259 1258 1260
f 1264 1261 1262
f 1264 1262 1263
f 1262 1261 1258
f 1258 1261 1257
f 1263 1262 1259
f 1259 1262 1258
f 1261 1264 1257
f 1257 1264 1260
f 1264 1263 1260
f 1260 1263 1259
o DR11_powierzchnia_w_przejsciu
g 04_PODLOGI_POWIERZCHNIE_ODNIESIENIA
usemtl progi
v 20.0600000 5.6200000 0.0000000
v 20.0600000 5.9200000 0.0000000
v 19.0600000 5.9200000 0.0000000
v 19.0600000 5.6200000 0.0000000
f 1268 1265 1266
f 1268 1266 1267
o DR12_mur_nad_drzwiami
g 02_SCIANY_POD_I_NAD_OTWORAMI
usemtl uzupelnienia
v 27.0100000 6.4192000 2.1000000
v 27.0100000 6.7192000 2.1000000
v 26.0100000 6.7192000 2.1000000
v 26.0100000 6.4192000 2.1000000
v 27.0100000 6.4192000 3.1000000
v 27.0100000 6.7192000 3.1000000
v 26.0100000 6.7192000 3.1000000
v 26.0100000 6.4192000 3.1000000
f 1270 1269 1272
f 1271 1270 1272
f 1276 1273 1274
f 1276 1274 1275
f 1274 1273 1270
f 1270 1273 1269
f 1275 1274 1271
f 1271 1274 1270
f 1273 1276 1269
f 1269 1276 1272
f 1276 1275 1272
f 1272 1275 1271
o DR12_D4__symbol
g 05_STOLARKA_SCHEMATYCZNA
usemtl drzwi
v 26.9600000 6.5492000 0.0000000
v 26.9600000 6.5892000 0.0000000
v 26.0600000 6.5892000 0.0000000
v 26.0600000 6.5492000 0.0000000
v 26.9600000 6.5492000 2.1000000
v 26.9600000 6.5892000 2.1000000
v 26.0600000 6.5892000 2.1000000
v 26.0600000 6.5492000 2.1000000
f 1278 1277 1280
f 1279 1278 1280
f 1284 1281 1282
f 1284 1282 1283
f 1282 1281 1278
f 1278 1281 1277
f 1283 1282 1279
f 1279 1282 1278
f 1281 1284 1277
f 1277 1284 1280
f 1284 1283 1280
f 1280 1283 1279
o DR12_powierzchnia_w_przejsciu
g 04_PODLOGI_POWIERZCHNIE_ODNIESIENIA
usemtl progi
v 27.0100000 6.4192000 0.0000000
v 27.0100000 6.7192000 0.0000000
v 26.0100000 6.7192000 0.0000000
v 26.0100000 6.4192000 0.0000000
f 1288 1285 1286
f 1288 1286 1287
o DR13_mur_nad_drzwiami
g 02_SCIANY_POD_I_NAD_OTWORAMI
usemtl uzupelnienia
v 23.9600000 8.4600000 2.1000000
v 23.9600000 9.6600000 2.1000000
v 23.8100000 9.6600000 2.1000000
v 23.8100000 8.4600000 2.1000000
v 23.9600000 8.4600000 3.1000000
v 23.9600000 9.6600000 3.1000000
v 23.8100000 9.6600000 3.1000000
v 23.8100000 8.4600000 3.1000000
f 1290 1289 1292
f 1291 1290 1292
f 1296 1293 1294
f 1296 1294 1295
f 1294 1293 1290
f 1290 1293 1289
f 1295 1294 1291
f 1291 1294 1290
f 1293 1296 1289
f 1289 1296 1292
f 1296 1295 1292
f 1292 1295 1291
o DR13_D5__symbol
g 05_STOLARKA_SCHEMATYCZNA
usemtl drzwi
v 23.9050000 8.5600000 0.0000000
v 23.9050000 9.5600000 0.0000000
v 23.8650000 9.5600000 0.0000000
v 23.8650000 8.5600000 0.0000000
v 23.9050000 8.5600000 2.1000000
v 23.9050000 9.5600000 2.1000000
v 23.8650000 9.5600000 2.1000000
v 23.8650000 8.5600000 2.1000000
f 1298 1297 1300
f 1299 1298 1300
f 1304 1301 1302
f 1304 1302 1303
f 1302 1301 1298
f 1298 1301 1297
f 1303 1302 1299
f 1299 1302 1298
f 1301 1304 1297
f 1297 1304 1300
f 1304 1303 1300
f 1300 1303 1299
o DR13_powierzchnia_w_przejsciu
g 04_PODLOGI_POWIERZCHNIE_ODNIESIENIA
usemtl progi
v 23.9600000 8.4600000 0.0000000
v 23.9600000 9.6600000 0.0000000
v 23.8100000 9.6600000 0.0000000
v 23.8100000 8.4600000 0.0000000
f 1308 1305 1306
f 1308 1306 1307
o PR01_mur_nad_przejsciem
g 02_SCIANY_POD_I_NAD_OTWORAMI
usemtl uzupelnienia
v 16.7600000 4.6200000 2.8500000
v 16.7600000 5.6200000 2.8500000
v 16.6100000 5.6200000 2.8500000
v 16.6100000 4.6200000 2.8500000
v 16.7600000 4.6200000 3.1000000
v 16.7600000 5.6200000 3.1000000
v 16.6100000 5.6200000 3.1000000
v 16.6100000 4.6200000 3.1000000
f 1310 1309 1312
f 1311 1310 1312
f 1316 1313 1314
f 1316 1314 1315
f 1314 1313 1310
f 1310 1313 1309
f 1315 1314 1311
f 1311 1314 1310
f 1313 1316 1309
f 1309 1316 1312
f 1316 1315 1312
f 1312 1315 1311
o PR01_powierzchnia_w_przejsciu
g 04_PODLOGI_POWIERZCHNIE_ODNIESIENIA
usemtl progi
v 16.7600000 4.6200000 0.0000000
v 16.7600000 5.6200000 0.0000000
v 16.6100000 5.6200000 0.0000000
v 16.6100000 4.6200000 0.0000000
f 1320 1317 1318
f 1320 1318 1319
o IZ_01_z_0_900_01
g 03_IZOLACJA_ZEWNETRZNA
usemtl izolacja
v 2.4000000 11.9200000 0.0000000
v 7.2700000 11.9200000 0.0000000
v 7.2700000 9.9200000 0.0000000
v 12.4000000 9.9200000 0.0000000
v 12.4000000 10.9200000 0.0000000
v 13.2824000 10.9200000 0.0000000
v 13.2824000 10.6600000 0.0000000
v 12.6600000 10.6600000 0.0000000
v 12.6600000 9.6600000 0.0000000
v 7.0100000 9.6600000 0.0000000
v 7.0100000 11.6600000 0.0000000
v 2.6600000 11.6600000 0.0000000
v 2.6600000 9.6600000 0.0000000
v 0.2600000 9.6600000 0.0000000
v 0.2600000 1.8692000 0.0000000
v 0.9350000 1.8692000 0.0000000
v 0.9350000 1.6092000 0.0000000
v 0.0000000 1.6092000 0.0000000
v 0.0000000 9.9200000 0.0000000
v 2.4000000 9.9200000 0.0000000
v 2.4000000 11.9200000 0.9000000
v 7.2700000 11.9200000 0.9000000
v 7.2700000 9.9200000 0.9000000
v 12.4000000 9.9200000 0.9000000
v 12.4000000 10.9200000 0.9000000
v 13.2824000 10.9200000 0.9000000
v 13.2824000 10.6600000 0.9000000
v 12.6600000 10.6600000 0.9000000
v 12.6600000 9.6600000 0.9000000
v 7.0100000 9.6600000 0.9000000
v 7.0100000 11.6600000 0.9000000
v 2.6600000 11.6600000 0.9000000
v 2.6600000 9.6600000 0.9000000
v 0.2600000 9.6600000 0.9000000
v 0.2600000 1.8692000 0.9000000
v 0.9350000 1.8692000 0.9000000
v 0.9350000 1.6092000 0.9000000
v 0.0000000 1.6092000 0.9000000
v 0.0000000 9.9200000 0.9000000
v 2.4000000 9.9200000 0.9000000
f 1336 1337 1338
f 1335 1336 1338
f 1334 1335 1338
f 1326 1327 1328
f 1325 1326 1328
f 1324 1325 1328
f 1334 1338 1339
f 1333 1334 1339
f 1324 1328 1329
f 1323 1324 1329
f 1333 1339 1340
f 1332 1333 1340
f 1323 1329 1330
f 1322 1323 1330
f 1332 1340 1321
f 1331 1332 1321
f 1322 1330 1331
f 1321 1322 1331
f 1358 1357 1356
f 1358 1356 1355
f 1358 1355 1354
f 1348 1347 1346
f 1348 1346 1345
f 1348 1345 1344
f 1359 1358 1354
f 1359 1354 1353
f 1349 1348 1344
f 1349 1344 1343
f 1360 1359 1353
f 1360 1353 1352
f 1350 1349 1343
f 1350 1343 1342
f 1341 1360 1352
f 1341 1352 1351
f 1351 1350 1342
f 1351 1342 1341
f 1341 1342 1321
f 1321 1342 1322
f 1342 1343 1322
f 1322 1343 1323
f 1343 1344 1323
f 1323 1344 1324
f 1344 1345 1324
f 1324 1345 1325
f 1345 1346 1325
f 1325 1346 1326
f 1346 1347 1326
f 1326 1347 1327
f 1347 1348 1327
f 1327 1348 1328
f 1348 1349 1328
f 1328 1349 1329
f 1349 1350 1329
f 1329 1350 1330
f 1350 1351 1330
f 1330 1351 1331
f 1351 1352 1331
f 1331 1352 1332
f 1352 1353 1332
f 1332 1353 1333
f 1353 1354 1333
f 1333 1354 1334
f 1354 1355 1334
f 1334 1355 1335
f 1355 1356 1335
f 1335 1356 1336
f 1356 1357 1336
f 1336 1357 1337
f 1357 1358 1337
f 1337 1358 1338
f 1358 1359 1338
f 1338 1359 1339
f 1360 1341 1340
f 1340 1341 1321
f 1359 1360 1339
f 1339 1360 1340
o IZ_01_z_0_900_02
g 03_IZOLACJA_ZEWNETRZNA
usemtl izolacja
v 27.9971000 10.2246000 0.0000000
v 27.7371000 10.2246000 0.0000000
v 27.7371000 10.6600000 0.0000000
v 19.8374000 10.6600000 0.0000000
v 19.8374000 10.9200000 0.0000000
v 27.9971000 10.9200000 0.0000000
v 27.9971000 10.2246000 0.9000000
v 27.7371000 10.2246000 0.9000000
v 27.7371000 10.6600000 0.9000000
v 19.8374000 10.6600000 0.9000000
v 19.8374000 10.9200000 0.9000000
v 27.9971000 10.9200000 0.9000000
f 1364 1365 1366
f 1363 1364 1366
f 1362 1363 1366
f 1361 1362 1366
f 1372 1371 1370
f 1372 1370 1369
f 1372 1369 1368
f 1372 1368 1367
f 1367 1368 1361
f 1361 1368 1362
f 1368 1369 1362
f 1362 1369 1363
f 1369 1370 1363
f 1363 1370 1364
f 1370 1371 1364
f 1364 1371 1365
f 1372 1367 1366
f 1366 1367 1361
f 1371 1372 1365
f 1365 1372 1366
o IZ_01_z_0_900_03
g 03_IZOLACJA_ZEWNETRZNA
usemtl izolacja
v 28.2974000 6.9792000 0.0000000
v 28.2974000 3.0517000 0.0000000
v 28.0374000 3.0517000 0.0000000
v 28.0374000 6.7192000 0.0000000
v 27.7371000 6.7192000 0.0000000
v 27.7371000 7.1546000 0.0000000
v 27.9971000 7.1546000 0.0000000
v 27.9971000 6.9792000 0.0000000
v 28.2974000 6.9792000 0.9000000
v 28.2974000 3.0517000 0.9000000
v 28.0374000 3.0517000 0.9000000
v 28.0374000 6.7192000 0.9000000
v 27.7371000 6.7192000 0.9000000
v 27.7371000 7.1546000 0.9000000
v 27.9971000 7.1546000 0.9000000
v 27.9971000 6.9792000 0.9000000
f 1378 1379 1380
f 1377 1378 1380
f 1376 1377 1380
f 1374 1375 1376
f 1373 1374 1376
f 1380 1373 1376
f 1388 1387 1386
f 1388 1386 1385
f 1388 1385 1384
f 1384 1383 1382
f 1384 1382 1381
f 1384 1381 1388
f 1381 1382 1373
f 1373 1382 1374
f 1382 1383 1374
f 1374 1383 1375
f 1383 1384 1375
f 1375 1384 1376
f 1384 1385 1376
f 1376 1385 1377
f 1385 1386 1377
f 1377 1386 1378
f 1386 1387 1378
f 1378 1387 1379
f 1388 1381 1380
f 1380 1381 1373
f 1387 1388 1379
f 1379 1388 1380
o IZ_01_z_0_900_04
g 03_IZOLACJA_ZEWNETRZNA
usemtl izolacja
v 27.7199000 1.6092000 0.0000000
v 27.7199000 1.8692000 0.0000000
v 28.0374000 1.8692000 0.0000000
v 28.0374000 2.1867000 0.0000000
v 28.2974000 2.1867000 0.0000000
v 28.2974000 1.6092000 0.0000000
v 27.7199000 1.6092000 0.9000000
v 27.7199000 1.8692000 0.9000000
v 28.0374000 1.8692000 0.9000000
v 28.0374000 2.1867000 0.9000000
v 28.2974000 2.1867000 0.9000000
v 28.2974000 1.6092000 0.9000000
f 1392 1393 1394
f 1391 1392 1394
f 1390 1391 1394
f 1389 1390 1394
f 1400 1399 1398
f 1400 1398 1397
f 1400 1397 1396
f 1400 1396 1395
f 1395 1396 1389
f 1389 1396 1390
f 1396 1397 1390
f 1390 1397 1391
f 1397 1398 1391
f 1391 1398 1392
f 1398 1399 1392
f 1392 1399 1393
f 1400 1395 1394
f 1394 1395 1389
f 1399 1400 1393
f 1393 1400 1394
o IZ_01_z_0_900_05
g 03_IZOLACJA_ZEWNETRZNA
usemtl izolacja
v 25.5200000 0.0000000 0.0000000
v 18.5000000 0.0000000 0.0000000
v 18.5000000 2.4000000 0.0000000
v 14.4339000 2.4000000 0.0000000
v 14.4339000 2.6600000 0.0000000
v 18.7600000 2.6600000 0.0000000
v 18.7600000 0.2600000 0.0000000
v 25.2600000 0.2600000 0.0000000
v 25.2600000 1.8692000 0.0000000
v 26.8549000 1.8692000 0.0000000
v 26.8549000 1.6092000 0.0000000
v 25.5200000 1.6092000 0.0000000
v 25.5200000 0.0000000 0.9000000
v 18.5000000 0.0000000 0.9000000
v 18.5000000 2.4000000 0.9000000
v 14.4339000 2.4000000 0.9000000
v 14.4339000 2.6600000 0.9000000
v 18.7600000 2.6600000 0.9000000
v 18.7600000 0.2600000 0.9000000
v 25.2600000 0.2600000 0.9000000
v 25.2600000 1.8692000 0.9000000
v 26.8549000 1.8692000 0.9000000
v 26.8549000 1.6092000 0.9000000
v 25.5200000 1.6092000 0.9000000
f 1410 1411 1412
f 1409 1410 1412
f 1408 1409 1412
f 1404 1405 1406
f 1403 1404 1406
f 1402 1403 1406
f 1408 1412 1401
f 1407 1408 1401
f 1402 1406 1407
f 1401 1402 1407
f 1424 1423 1422
f 1424 1422 1421
f 1424 1421 1420
f 1418 1417 1416
f 1418 1416 1415
f 1418 1415 1414
f 1413 1424 1420
f 1413 1420 1419
f 1419 1418 1414
f 1419 1414 1413
f 1413 1414 1401
f 1401 1414 1402
f 1414 1415 1402
f 1402 1415 1403
f 1415 1416 1403
f 1403 1416 1404
f 1416 1417 1404
f 1404 1417 1405
f 1417 1418 1405
f 1405 1418 1406
f 1418 1419 1406
f 1406 1419 1407
f 1419 1420 1407
f 1407 1420 1408
f 1420 1421 1408
f 1408 1421 1409
f 1421 1422 1409
f 1409 1422 1410
f 1422 1423 1410
f 1410 1423 1411
f 1424 1413 1412
f 1412 1413 1401
f 1423 1424 1411
f 1411 1424 1412
o IZ_01_z_0_900_06
g 03_IZOLACJA_ZEWNETRZNA
usemtl izolacja
v 10.5700000 0.0000000 0.0000000
v 6.4500000 0.0000000 0.0000000
v 6.4500000 1.6092000 0.0000000
v 6.0350000 1.6092000 0.0000000
v 6.0350000 1.8692000 0.0000000
v 6.7100000 1.8692000 0.0000000
v 6.7100000 0.2600000 0.0000000
v 10.3100000 0.2600000 0.0000000
v 10.3100000 2.6600000 0.0000000
v 12.9339000 2.6600000 0.0000000
v 12.9339000 2.4000000 0.0000000
v 10.5700000 2.4000000 0.0000000
v 10.5700000 0.0000000 0.9000000
v 6.4500000 0.0000000 0.9000000
v 6.4500000 1.6092000 0.9000000
v 6.0350000 1.6092000 0.9000000
v 6.0350000 1.8692000 0.9000000
v 6.7100000 1.8692000 0.9000000
v 6.7100000 0.2600000 0.9000000
v 10.3100000 0.2600000 0.9000000
v 10.3100000 2.6600000 0.9000000
v 12.9339000 2.6600000 0.9000000
v 12.9339000 2.4000000 0.9000000
v 10.5700000 2.4000000 0.9000000
f 1434 1435 1436
f 1433 1434 1436
f 1432 1433 1436
f 1428 1429 1430
f 1427 1428 1430
f 1426 1427 1430
f 1432 1436 1425
f 1431 1432 1425
f 1426 1430 1431
f 1425 1426 1431
f 1448 1447 1446
f 1448 1446 1445
f 1448 1445 1444
f 1442 1441 1440
f 1442 1440 1439
f 1442 1439 1438
f 1437 1448 1444
f 1437 1444 1443
f 1443 1442 1438
f 1443 1438 1437
f 1437 1438 1425
f 1425 1438 1426
f 1438 1439 1426
f 1426 1439 1427
f 1439 1440 1427
f 1427 1440 1428
f 1440 1441 1428
f 1428 1441 1429
f 1441 1442 1429
f 1429 1442 1430
f 1442 1443 1430
f 1430 1443 1431
f 1443 1444 1431
f 1431 1444 1432
f 1444 1445 1432
f 1432 1445 1433
f 1445 1446 1433
f 1433 1446 1434
f 1446 1447 1434
f 1434 1447 1435
f 1448 1437 1436
f 1436 1437 1425
f 1447 1448 1435
f 1435 1448 1436
o IZ_02_z_900_1000_01
g 03_IZOLACJA_ZEWNETRZNA
usemtl izolacja
v 2.4000000 11.9200000 0.9000000
v 7.2700000 11.9200000 0.9000000
v 7.2700000 9.9200000 0.9000000
v 7.7100000 9.9200000 0.9000000
v 7.7100000 9.6600000 0.9000000
v 7.0100000 9.6600000 0.9000000
v 7.0100000 11.6600000 0.9000000
v 2.6600000 11.6600000 0.9000000
v 2.6600000 9.6600000 0.9000000
v 0.2600000 9.6600000 0.9000000
v 0.2600000 1.8692000 0.9000000
v 0.9350000 1.8692000 0.9000000
v 0.9350000 1.6092000 0.9000000
v 0.0000000 1.6092000 0.9000000
v 0.0000000 9.9200000 0.9000000
v 2.4000000 9.9200000 0.9000000
v 2.4000000 11.9200000 1.0000000
v 7.2700000 11.9200000 1.0000000
v 7.2700000 9.9200000 1.0000000
v 7.7100000 9.9200000 1.0000000
v 7.7100000 9.6600000 1.0000000
v 7.0100000 9.6600000 1.0000000
v 7.0100000 11.6600000 1.0000000
v 2.6600000 11.6600000 1.0000000
v 2.6600000 9.6600000 1.0000000
v 0.2600000 9.6600000 1.0000000
v 0.2600000 1.8692000 1.0000000
v 0.9350000 1.8692000 1.0000000
v 0.9350000 1.6092000 1.0000000
v 0.0000000 1.6092000 1.0000000
v 0.0000000 9.9200000 1.0000000
v 2.4000000 9.9200000 1.0000000
f 1460 1461 1462
f 1459 1460 1462
f 1458 1459 1462
f 1452 1453 1454
f 1451 1452 1454
f 1450 1451 1454
f 1458 1462 1463
f 1457 1458 1463
f 1450 1454 1455
f 1449 1450 1455
f 1457 1463 1464
f 1456 1457 1464
f 1449 1455 1456
f 1464 1449 1456
f 1478 1477 1476
f 1478 1476 1475
f 1478 1475 1474
f 1470 1469 1468
f 1470 1468 1467
f 1470 1467 1466
f 1479 1478 1474
f 1479 1474 1473
f 1471 1470 1466
f 1471 1466 1465
f 1480 1479 1473
f 1480 1473 1472
f 1472 1471 1465
f 1472 1465 1480
f 1465 1466 1449
f 1449 1466 1450
f 1466 1467 1450
f 1450 1467 1451
f 1467 1468 1451
f 1451 1468 1452
f 1468 1469 1452
f 1452 1469 1453
f 1469 1470 1453
f 1453 1470 1454
f 1470 1471 1454
f 1454 1471 1455
f 1471 1472 1455
f 1455 1472 1456
f 1472 1473 1456
f 1456 1473 1457
f 1473 1474 1457
f 1457 1474 1458
f 1474 1475 1458
f 1458 1475 1459
f 1475 1476 1459
f 1459 1476 1460
f 1476 1477 1460
f 1460 1477 1461
f 1477 1478 1461
f 1461 1478 1462
f 1478 1479 1462
f 1462 1479 1463
f 1480 1465 1464
f 1464 1465 1449
f 1479 1480 1463
f 1463 1480 1464
o IZ_02_z_900_1000_02
g 03_IZOLACJA_ZEWNETRZNA
usemtl izolacja
v 12.4000000 10.9200000 0.9000000
v 13.2824000 10.9200000 0.9000000
v 13.2824000 10.6600000 0.9000000
v 12.6600000 10.6600000 0.9000000
v 12.6600000 9.6600000 0.9000000
v 10.2750000 9.6600000 0.9000000
v 10.2750000 9.9200000 0.9000000
v 12.4000000 9.9200000 0.9000000
v 12.4000000 10.9200000 1.0000000
v 13.2824000 10.9200000 1.0000000
v 13.2824000 10.6600000 1.0000000
v 12.6600000 10.6600000 1.0000000
v 12.6600000 9.6600000 1.0000000
v 10.2750000 9.6600000 1.0000000
v 10.2750000 9.9200000 1.0000000
v 12.4000000 9.9200000 1.0000000
f 1486 1487 1488
f 1485 1486 1488
f 1484 1485 1488
f 1482 1483 1484
f 1481 1482 1484
f 1488 1481 1484
f 1496 1495 1494
f 1496 1494 1493
f 1496 1493 1492
f 1492 1491 1490
f 1492 1490 1489
f 1492 1489 1496
f 1489 1490 1481
f 1481 1490 1482
f 1490 1491 1482
f 1482 1491 1483
f 1491 1492 1483
f 1483 1492 1484
f 1492 1493 1484
f 1484 1493 1485
f 1493 1494 1485
f 1485 1494 1486
f 1494 1495 1486
f 1486 1495 1487
f 1496 1489 1488
f 1488 1489 1481
f 1495 1496 1487
f 1487 1496 1488
o IZ_02_z_900_1000_03
g 03_IZOLACJA_ZEWNETRZNA
usemtl izolacja
v 27.9971000 10.2246000 0.9000000
v 27.7371000 10.2246000 0.9000000
v 27.7371000 10.6600000 0.9000000
v 19.8374000 10.6600000 0.9000000
v 19.8374000 10.9200000 0.9000000
v 27.9971000 10.9200000 0.9000000
v 27.9971000 10.2246000 1.0000000
v 27.7371000 10.2246000 1.0000000
v 27.7371000 10.6600000 1.0000000
v 19.8374000 10.6600000 1.0000000
v 19.8374000 10.9200000 1.0000000
v 27.9971000 10.9200000 1.0000000
f 1500 1501 1502
f 1499 1500 1502
f 1498 1499 1502
f 1497 1498 1502
f 1508 1507 1506
f 1508 1506 1505
f 1508 1505 1504
f 1508 1504 1503
f 1503 1504 1497
f 1497 1504 1498
f 1504 1505 1498
f 1498 1505 1499
f 1505 1506 1499
f 1499 1506 1500
f 1506 1507 1500
f 1500 1507 1501
f 1508 1503 1502
f 1502 1503 1497
f 1507 1508 1501
f 1501 1508 1502
o IZ_02_z_900_1000_04
g 03_IZOLACJA_ZEWNETRZNA
usemtl izolacja
v 28.2974000 6.9792000 0.9000000
v 28.2974000 3.0517000 0.9000000
v 28.0374000 3.0517000 0.9000000
v 28.0374000 6.7192000 0.9000000
v 27.7371000 6.7192000 0.9000000
v 27.7371000 7.1546000 0.9000000
v 27.9971000 7.1546000 0.9000000
v 27.9971000 6.9792000 0.9000000
v 28.2974000 6.9792000 1.0000000
v 28.2974000 3.0517000 1.0000000
v 28.0374000 3.0517000 1.0000000
v 28.0374000 6.7192000 1.0000000
v 27.7371000 6.7192000 1.0000000
v 27.7371000 7.1546000 1.0000000
v 27.9971000 7.1546000 1.0000000
v 27.9971000 6.9792000 1.0000000
f 1514 1515 1516
f 1513 1514 1516
f 1512 1513 1516
f 1510 1511 1512
f 1509 1510 1512
f 1516 1509 1512
f 1524 1523 1522
f 1524 1522 1521
f 1524 1521 1520
f 1520 1519 1518
f 1520 1518 1517
f 1520 1517 1524
f 1517 1518 1509
f 1509 1518 1510
f 1518 1519 1510
f 1510 1519 1511
f 1519 1520 1511
f 1511 1520 1512
f 1520 1521 1512
f 1512 1521 1513
f 1521 1522 1513
f 1513 1522 1514
f 1522 1523 1514
f 1514 1523 1515
f 1524 1517 1516
f 1516 1517 1509
f 1523 1524 1515
f 1515 1524 1516
o IZ_02_z_900_1000_05
g 03_IZOLACJA_ZEWNETRZNA
usemtl izolacja
v 27.7199000 1.6092000 0.9000000
v 27.7199000 1.8692000 0.9000000
v 28.0374000 1.8692000 0.9000000
v 28.0374000 2.1867000 0.9000000
v 28.2974000 2.1867000 0.9000000
v 28.2974000 1.6092000 0.9000000
v 27.7199000 1.6092000 1.0000000
v 27.7199000 1.8692000 1.0000000
v 28.0374000 1.8692000 1.0000000
v 28.0374000 2.1867000 1.0000000
v 28.2974000 2.1867000 1.0000000
v 28.2974000 1.6092000 1.0000000
f 1528 1529 1530
f 1527 1528 1530
f 1526 1527 1530
f 1525 1526 1530
f 1536 1535 1534
f 1536 1534 1533
f 1536 1533 1532
f 1536 1532 1531
f 1531 1532 1525
f 1525 1532 1526
f 1532 1533 1526
f 1526 1533 1527
f 1533 1534 1527
f 1527 1534 1528
f 1534 1535 1528
f 1528 1535 1529
f 1536 1531 1530
f 1530 1531 1525
f 1535 1536 1529
f 1529 1536 1530
o IZ_02_z_900_1000_06
g 03_IZOLACJA_ZEWNETRZNA
usemtl izolacja
v 25.5200000 0.0000000 0.9000000
v 18.5000000 0.0000000 0.9000000
v 18.5000000 2.4000000 0.9000000
v 14.4339000 2.4000000 0.9000000
v 14.4339000 2.6600000 0.9000000
v 18.7600000 2.6600000 0.9000000
v 18.7600000 0.2600000 0.9000000
v 25.2600000 0.2600000 0.9000000
v 25.2600000 1.8692000 0.9000000
v 26.8549000 1.8692000 0.9000000
v 26.8549000 1.6092000 0.9000000
v 25.5200000 1.6092000 0.9000000
v 25.5200000 0.0000000 1.0000000
v 18.5000000 0.0000000 1.0000000
v 18.5000000 2.4000000 1.0000000
v 14.4339000 2.4000000 1.0000000
v 14.4339000 2.6600000 1.0000000
v 18.7600000 2.6600000 1.0000000
v 18.7600000 0.2600000 1.0000000
v 25.2600000 0.2600000 1.0000000
v 25.2600000 1.8692000 1.0000000
v 26.8549000 1.8692000 1.0000000
v 26.8549000 1.6092000 1.0000000
v 25.5200000 1.6092000 1.0000000
f 1546 1547 1548
f 1545 1546 1548
f 1544 1545 1548
f 1540 1541 1542
f 1539 1540 1542
f 1538 1539 1542
f 1544 1548 1537
f 1543 1544 1537
f 1538 1542 1543
f 1537 1538 1543
f 1560 1559 1558
f 1560 1558 1557
f 1560 1557 1556
f 1554 1553 1552
f 1554 1552 1551
f 1554 1551 1550
f 1549 1560 1556
f 1549 1556 1555
f 1555 1554 1550
f 1555 1550 1549
f 1549 1550 1537
f 1537 1550 1538
f 1550 1551 1538
f 1538 1551 1539
f 1551 1552 1539
f 1539 1552 1540
f 1552 1553 1540
f 1540 1553 1541
f 1553 1554 1541
f 1541 1554 1542
f 1554 1555 1542
f 1542 1555 1543
f 1555 1556 1543
f 1543 1556 1544
f 1556 1557 1544
f 1544 1557 1545
f 1557 1558 1545
f 1545 1558 1546
f 1558 1559 1546
f 1546 1559 1547
f 1560 1549 1548
f 1548 1549 1537
f 1559 1560 1547
f 1547 1560 1548
o IZ_02_z_900_1000_07
g 03_IZOLACJA_ZEWNETRZNA
usemtl izolacja
v 10.5700000 0.0000000 0.9000000
v 6.4500000 0.0000000 0.9000000
v 6.4500000 1.6092000 0.9000000
v 6.0350000 1.6092000 0.9000000
v 6.0350000 1.8692000 0.9000000
v 6.7100000 1.8692000 0.9000000
v 6.7100000 0.2600000 0.9000000
v 10.3100000 0.2600000 0.9000000
v 10.3100000 2.6600000 0.9000000
v 12.9339000 2.6600000 0.9000000
v 12.9339000 2.4000000 0.9000000
v 10.5700000 2.4000000 0.9000000
v 10.5700000 0.0000000 1.0000000
v 6.4500000 0.0000000 1.0000000
v 6.4500000 1.6092000 1.0000000
v 6.0350000 1.6092000 1.0000000
v 6.0350000 1.8692000 1.0000000
v 6.7100000 1.8692000 1.0000000
v 6.7100000 0.2600000 1.0000000
v 10.3100000 0.2600000 1.0000000
v 10.3100000 2.6600000 1.0000000
v 12.9339000 2.6600000 1.0000000
v 12.9339000 2.4000000 1.0000000
v 10.5700000 2.4000000 1.0000000
f 1570 1571 1572
f 1569 1570 1572
f 1568 1569 1572
f 1564 1565 1566
f 1563 1564 1566
f 1562 1563 1566
f 1568 1572 1561
f 1567 1568 1561
f 1562 1566 1567
f 1561 1562 1567
f 1584 1583 1582
f 1584 1582 1581
f 1584 1581 1580
f 1578 1577 1576
f 1578 1576 1575
f 1578 1575 1574
f 1573 1584 1580
f 1573 1580 1579
f 1579 1578 1574
f 1579 1574 1573
f 1573 1574 1561
f 1561 1574 1562
f 1574 1575 1562
f 1562 1575 1563
f 1575 1576 1563
f 1563 1576 1564
f 1576 1577 1564
f 1564 1577 1565
f 1577 1578 1565
f 1565 1578 1566
f 1578 1579 1566
f 1566 1579 1567
f 1579 1580 1567
f 1567 1580 1568
f 1580 1581 1568
f 1568 1581 1569
f 1581 1582 1569
f 1569 1582 1570
f 1582 1583 1570
f 1570 1583 1571
f 1584 1573 1572
f 1572 1573 1561
f 1583 1584 1571
f 1571 1584 1572
o IZ_03_z_1000_1650_01
g 03_IZOLACJA_ZEWNETRZNA
usemtl izolacja
v 2.4000000 11.9200000 1.0000000
v 7.2700000 11.9200000 1.0000000
v 7.2700000 9.9200000 1.0000000
v 7.7100000 9.9200000 1.0000000
v 7.7100000 9.6600000 1.0000000
v 7.0100000 9.6600000 1.0000000
v 7.0100000 11.6600000 1.0000000
v 2.6600000 11.6600000 1.0000000
v 2.6600000 9.6600000 1.0000000
v 0.2600000 9.6600000 1.0000000
v 0.2600000 1.8692000 1.0000000
v 0.9350000 1.8692000 1.0000000
v 0.9350000 1.6092000 1.0000000
v 0.0000000 1.6092000 1.0000000
v 0.0000000 9.9200000 1.0000000
v 2.4000000 9.9200000 1.0000000
v 2.4000000 11.9200000 1.6500000
v 7.2700000 11.9200000 1.6500000
v 7.2700000 9.9200000 1.6500000
v 7.7100000 9.9200000 1.6500000
v 7.7100000 9.6600000 1.6500000
v 7.0100000 9.6600000 1.6500000
v 7.0100000 11.6600000 1.6500000
v 2.6600000 11.6600000 1.6500000
v 2.6600000 9.6600000 1.6500000
v 0.2600000 9.6600000 1.6500000
v 0.2600000 1.8692000 1.6500000
v 0.9350000 1.8692000 1.6500000
v 0.9350000 1.6092000 1.6500000
v 0.0000000 1.6092000 1.6500000
v 0.0000000 9.9200000 1.6500000
v 2.4000000 9.9200000 1.6500000
f 1596 1597 1598
f 1595 1596 1598
f 1594 1595 1598
f 1588 1589 1590
f 1587 1588 1590
f 1586 1587 1590
f 1594 1598 1599
f 1593 1594 1599
f 1586 1590 1591
f 1585 1586 1591
f 1593 1599 1600
f 1592 1593 1600
f 1585 1591 1592
f 1600 1585 1592
f 1614 1613 1612
f 1614 1612 1611
f 1614 1611 1610
f 1606 1605 1604
f 1606 1604 1603
f 1606 1603 1602
f 1615 1614 1610
f 1615 1610 1609
f 1607 1606 1602
f 1607 1602 1601
f 1616 1615 1609
f 1616 1609 1608
f 1608 1607 1601
f 1608 1601 1616
f 1601 1602 1585
f 1585 1602 1586
f 1602 1603 1586
f 1586 1603 1587
f 1603 1604 1587
f 1587 1604 1588
f 1604 1605 1588
f 1588 1605 1589
f 1605 1606 1589
f 1589 1606 1590
f 1606 1607 1590
f 1590 1607 1591
f 1607 1608 1591
f 1591 1608 1592
f 1608 1609 1592
f 1592 1609 1593
f 1609 1610 1593
f 1593 1610 1594
f 1610 1611 1594
f 1594 1611 1595
f 1611 1612 1595
f 1595 1612 1596
f 1612 1613 1596
f 1596 1613 1597
f 1613 1614 1597
f 1597 1614 1598
f 1614 1615 1598
f 1598 1615 1599
f 1616 1601 1600
f 1600 1601 1585
f 1615 1616 1599
f 1599 1616 1600
o IZ_03_z_1000_1650_02
g 03_IZOLACJA_ZEWNETRZNA
usemtl izolacja
v 12.4000000 10.9200000 1.0000000
v 13.2824000 10.9200000 1.0000000
v 13.2824000 10.6600000 1.0000000
v 12.6600000 10.6600000 1.0000000
v 12.6600000 9.6600000 1.0000000
v 10.2750000 9.6600000 1.0000000
v 10.2750000 9.9200000 1.0000000
v 12.4000000 9.9200000 1.0000000
v 12.4000000 10.9200000 1.6500000
v 13.2824000 10.9200000 1.6500000
v 13.2824000 10.6600000 1.6500000
v 12.6600000 10.6600000 1.6500000
v 12.6600000 9.6600000 1.6500000
v 10.2750000 9.6600000 1.6500000
v 10.2750000 9.9200000 1.6500000
v 12.4000000 9.9200000 1.6500000
f 1622 1623 1624
f 1621 1622 1624
f 1620 1621 1624
f 1618 1619 1620
f 1617 1618 1620
f 1624 1617 1620
f 1632 1631 1630
f 1632 1630 1629
f 1632 1629 1628
f 1628 1627 1626
f 1628 1626 1625
f 1628 1625 1632
f 1625 1626 1617
f 1617 1626 1618
f 1626 1627 1618
f 1618 1627 1619
f 1627 1628 1619
f 1619 1628 1620
f 1628 1629 1620
f 1620 1629 1621
f 1629 1630 1621
f 1621 1630 1622
f 1630 1631 1622
f 1622 1631 1623
f 1632 1625 1624
f 1624 1625 1617
f 1631 1632 1623
f 1623 1632 1624
o IZ_03_z_1000_1650_03
g 03_IZOLACJA_ZEWNETRZNA
usemtl izolacja
v 27.9971000 10.2246000 1.0000000
v 27.7371000 10.2246000 1.0000000
v 27.7371000 10.6600000 1.0000000
v 19.8374000 10.6600000 1.0000000
v 19.8374000 10.9200000 1.0000000
v 27.9971000 10.9200000 1.0000000
v 27.9971000 10.2246000 1.6500000
v 27.7371000 10.2246000 1.6500000
v 27.7371000 10.6600000 1.6500000
v 19.8374000 10.6600000 1.6500000
v 19.8374000 10.9200000 1.6500000
v 27.9971000 10.9200000 1.6500000
f 1636 1637 1638
f 1635 1636 1638
f 1634 1635 1638
f 1633 1634 1638
f 1644 1643 1642
f 1644 1642 1641
f 1644 1641 1640
f 1644 1640 1639
f 1639 1640 1633
f 1633 1640 1634
f 1640 1641 1634
f 1634 1641 1635
f 1641 1642 1635
f 1635 1642 1636
f 1642 1643 1636
f 1636 1643 1637
f 1644 1639 1638
f 1638 1639 1633
f 1643 1644 1637
f 1637 1644 1638
o IZ_03_z_1000_1650_04
g 03_IZOLACJA_ZEWNETRZNA
usemtl izolacja
v 28.2974000 6.9792000 1.0000000
v 28.2974000 3.0517000 1.0000000
v 28.0374000 3.0517000 1.0000000
v 28.0374000 6.7192000 1.0000000
v 27.7371000 6.7192000 1.0000000
v 27.7371000 7.1546000 1.0000000
v 27.9971000 7.1546000 1.0000000
v 27.9971000 6.9792000 1.0000000
v 28.2974000 6.9792000 1.6500000
v 28.2974000 3.0517000 1.6500000
v 28.0374000 3.0517000 1.6500000
v 28.0374000 6.7192000 1.6500000
v 27.7371000 6.7192000 1.6500000
v 27.7371000 7.1546000 1.6500000
v 27.9971000 7.1546000 1.6500000
v 27.9971000 6.9792000 1.6500000
f 1650 1651 1652
f 1649 1650 1652
f 1648 1649 1652
f 1646 1647 1648
f 1645 1646 1648
f 1652 1645 1648
f 1660 1659 1658
f 1660 1658 1657
f 1660 1657 1656
f 1656 1655 1654
f 1656 1654 1653
f 1656 1653 1660
f 1653 1654 1645
f 1645 1654 1646
f 1654 1655 1646
f 1646 1655 1647
f 1655 1656 1647
f 1647 1656 1648
f 1656 1657 1648
f 1648 1657 1649
f 1657 1658 1649
f 1649 1658 1650
f 1658 1659 1650
f 1650 1659 1651
f 1660 1653 1652
f 1652 1653 1645
f 1659 1660 1651
f 1651 1660 1652
o IZ_03_z_1000_1650_05
g 03_IZOLACJA_ZEWNETRZNA
usemtl izolacja
v 27.7199000 1.6092000 1.0000000
v 27.7199000 1.8692000 1.0000000
v 28.0374000 1.8692000 1.0000000
v 28.0374000 2.1867000 1.0000000
v 28.2974000 2.1867000 1.0000000
v 28.2974000 1.6092000 1.0000000
v 27.7199000 1.6092000 1.6500000
v 27.7199000 1.8692000 1.6500000
v 28.0374000 1.8692000 1.6500000
v 28.0374000 2.1867000 1.6500000
v 28.2974000 2.1867000 1.6500000
v 28.2974000 1.6092000 1.6500000
f 1664 1665 1666
f 1663 1664 1666
f 1662 1663 1666
f 1661 1662 1666
f 1672 1671 1670
f 1672 1670 1669
f 1672 1669 1668
f 1672 1668 1667
f 1667 1668 1661
f 1661 1668 1662
f 1668 1669 1662
f 1662 1669 1663
f 1669 1670 1663
f 1663 1670 1664
f 1670 1671 1664
f 1664 1671 1665
f 1672 1667 1666
f 1666 1667 1661
f 1671 1672 1665
f 1665 1672 1666
o IZ_03_z_1000_1650_06
g 03_IZOLACJA_ZEWNETRZNA
usemtl izolacja
v 25.5200000 0.0000000 1.0000000
v 24.4075000 0.0000000 1.0000000
v 24.4075000 0.2600000 1.0000000
v 25.2600000 0.2600000 1.0000000
v 25.2600000 1.8692000 1.0000000
v 26.8549000 1.8692000 1.0000000
v 26.8549000 1.6092000 1.0000000
v 25.5200000 1.6092000 1.0000000
v 25.5200000 0.0000000 1.6500000
v 24.4075000 0.0000000 1.6500000
v 24.4075000 0.2600000 1.6500000
v 25.2600000 0.2600000 1.6500000
v 25.2600000 1.8692000 1.6500000
v 26.8549000 1.8692000 1.6500000
v 26.8549000 1.6092000 1.6500000
v 25.5200000 1.6092000 1.6500000
f 1678 1679 1680
f 1677 1678 1680
f 1676 1677 1680
f 1674 1675 1676
f 1673 1674 1676
f 1680 1673 1676
f 1688 1687 1686
f 1688 1686 1685
f 1688 1685 1684
f 1684 1683 1682
f 1684 1682 1681
f 1684 1681 1688
f 1681 1682 1673
f 1673 1682 1674
f 1682 1683 1674
f 1674 1683 1675
f 1683 1684 1675
f 1675 1684 1676
f 1684 1685 1676
f 1676 1685 1677
f 1685 1686 1677
f 1677 1686 1678
f 1686 1687 1678
f 1678 1687 1679
f 1688 1681 1680
f 1680 1681 1673
f 1687 1688 1679
f 1679 1688 1680
o IZ_03_z_1000_1650_07
g 03_IZOLACJA_ZEWNETRZNA
usemtl izolacja
v 21.3825000 0.2600000 1.0000000
v 22.6375000 0.2600000 1.0000000
v 22.6375000 0.0000000 1.0000000
v 21.3825000 0.0000000 1.0000000
v 21.3825000 0.2600000 1.6500000
v 22.6375000 0.2600000 1.6500000
v 22.6375000 0.0000000 1.6500000
v 21.3825000 0.0000000 1.6500000
f 1691 1692 1689
f 1690 1691 1689
f 1693 1696 1695
f 1693 1695 1694
f 1693 1694 1689
f 1689 1694 1690
f 1694 1695 1690
f 1690 1695 1691
f 1696 1693 1692
f 1692 1693 1689
f 1695 1696 1691
f 1691 1696 1692
o IZ_03_z_1000_1650_08
g 03_IZOLACJA_ZEWNETRZNA
usemtl izolacja
v 18.5000000 2.4000000 1.0000000
v 14.4339000 2.4000000 1.0000000
v 14.4339000 2.6600000 1.0000000
v 18.7600000 2.6600000 1.0000000
v 18.7600000 0.2600000 1.0000000
v 19.6125000 0.2600000 1.0000000
v 19.6125000 0.0000000 1.0000000
v 18.5000000 0.0000000 1.0000000
v 18.5000000 2.4000000 1.6500000
v 14.4339000 2.4000000 1.6500000
v 14.4339000 2.6600000 1.6500000
v 18.7600000 2.6600000 1.6500000
v 18.7600000 0.2600000 1.6500000
v 19.6125000 0.2600000 1.6500000
v 19.6125000 0.0000000 1.6500000
v 18.5000000 0.0000000 1.6500000
f 1702 1703 1704
f 1701 1702 1704
f 1700 1701 1704
f 1698 1699 1700
f 1697 1698 1700
f 1704 1697 1700
f 1712 1711 1710
f 1712 1710 1709
f 1712 1709 1708
f 1708 1707 1706
f 1708 1706 1705
f 1708 1705 1712
f 1705 1706 1697
f 1697 1706 1698
f 1706 1707 1698
f 1698 1707 1699
f 1707 1708 1699
f 1699 1708 1700
f 1708 1709 1700
f 1700 1709 1701
f 1709 1710 1701
f 1701 1710 1702
f 1710 1711 1702
f 1702 1711 1703
f 1712 1705 1704
f 1704 1705 1697
f 1711 1712 1703
f 1703 1712 1704
o IZ_03_z_1000_1650_09
g 03_IZOLACJA_ZEWNETRZNA
usemtl izolacja
v 10.5700000 0.0000000 1.0000000
v 9.3950000 0.0000000 1.0000000
v 9.3950000 0.2600000 1.0000000
v 10.3100000 0.2600000 1.0000000
v 10.3100000 2.6600000 1.0000000
v 12.9339000 2.6600000 1.0000000
v 12.9339000 2.4000000 1.0000000
v 10.5700000 2.4000000 1.0000000
v 10.5700000 0.0000000 1.6500000
v 9.3950000 0.0000000 1.6500000
v 9.3950000 0.2600000 1.6500000
v 10.3100000 0.2600000 1.6500000
v 10.3100000 2.6600000 1.6500000
v 12.9339000 2.6600000 1.6500000
v 12.9339000 2.4000000 1.6500000
v 10.5700000 2.4000000 1.6500000
f 1718 1719 1720
f 1717 1718 1720
f 1716 1717 1720
f 1714 1715 1716
f 1713 1714 1716
f 1720 1713 1716
f 1728 1727 1726
f 1728 1726 1725
f 1728 1725 1724
f 1724 1723 1722
f 1724 1722 1721
f 1724 1721 1728
f 1721 1722 1713
f 1713 1722 1714
f 1722 1723 1714
f 1714 1723 1715
f 1723 1724 1715
f 1715 1724 1716
f 1724 1725 1716
f 1716 1725 1717
f 1725 1726 1717
f 1717 1726 1718
f 1726 1727 1718
f 1718 1727 1719
f 1728 1721 1720
f 1720 1721 1713
f 1727 1728 1719
f 1719 1728 1720
o IZ_03_z_1000_1650_10
g 03_IZOLACJA_ZEWNETRZNA
usemtl izolacja
v 6.4500000 1.6092000 1.0000000
v 6.0350000 1.6092000 1.0000000
v 6.0350000 1.8692000 1.0000000
v 6.7100000 1.8692000 1.0000000
v 6.7100000 0.2600000 1.0000000
v 7.6250000 0.2600000 1.0000000
v 7.6250000 0.0000000 1.0000000
v 6.4500000 0.0000000 1.0000000
v 6.4500000 1.6092000 1.6500000
v 6.0350000 1.6092000 1.6500000
v 6.0350000 1.8692000 1.6500000
v 6.7100000 1.8692000 1.6500000
v 6.7100000 0.2600000 1.6500000
v 7.6250000 0.2600000 1.6500000
v 7.6250000 0.0000000 1.6500000
v 6.4500000 0.0000000 1.6500000
f 1734 1735 1736
f 1733 1734 1736
f 1732 1733 1736
f 1730 1731 1732
f 1729 1730 1732
f 1736 1729 1732
f 1744 1743 1742
f 1744 1742 1741
f 1744 1741 1740
f 1740 1739 1738
f 1740 1738 1737
f 1740 1737 1744
f 1737 1738 1729
f 1729 1738 1730
f 1738 1739 1730
f 1730 1739 1731
f 1739 1740 1731
f 1731 1740 1732
f 1740 1741 1732
f 1732 1741 1733
f 1741 1742 1733
f 1733 1742 1734
f 1742 1743 1734
f 1734 1743 1735
f 1744 1737 1736
f 1736 1737 1729
f 1743 1744 1735
f 1735 1744 1736
o IZ_04_z_1650_2100_01
g 03_IZOLACJA_ZEWNETRZNA
usemtl izolacja
v 2.4000000 11.9200000 1.6500000
v 7.2700000 11.9200000 1.6500000
v 7.2700000 9.9200000 1.6500000
v 7.7100000 9.9200000 1.6500000
v 7.7100000 9.6600000 1.6500000
v 7.0100000 9.6600000 1.6500000
v 7.0100000 11.6600000 1.6500000
v 2.6600000 11.6600000 1.6500000
v 2.6600000 9.6600000 1.6500000
v 0.2600000 9.6600000 1.6500000
v 0.2600000 8.1450000 1.6500000
v 0.0000000 8.1450000 1.6500000
v 0.0000000 9.9200000 1.6500000
v 2.4000000 9.9200000 1.6500000
v 2.4000000 11.9200000 2.1000000
v 7.2700000 11.9200000 2.1000000
v 7.2700000 9.9200000 2.1000000
v 7.7100000 9.9200000 2.1000000
v 7.7100000 9.6600000 2.1000000
v 7.0100000 9.6600000 2.1000000
v 7.0100000 11.6600000 2.1000000
v 2.6600000 11.6600000 2.1000000
v 2.6600000 9.6600000 2.1000000
v 0.2600000 9.6600000 2.1000000
v 0.2600000 8.1450000 2.1000000
v 0.0000000 8.1450000 2.1000000
v 0.0000000 9.9200000 2.1000000
v 2.4000000 9.9200000 2.1000000
f 1755 1756 1757
f 1754 1755 1757
f 1753 1754 1757
f 1748 1749 1750
f 1747 1748 1750
f 1746 1747 1750
f 1753 1757 1758
f 1752 1753 1758
f 1746 1750 1751
f 1745 1746 1751
f 1752 1758 1745
f 1751 1752 1745
f 1771 1770 1769
f 1771 1769 1768
f 1771 1768 1767
f 1764 1763 1762
f 1764 1762 1761
f 1764 1761 1760
f 1772 1771 1767
f 1772 1767 1766
f 1765 1764 1760
f 1765 1760 1759
f 1759 1772 1766
f 1759 1766 1765
f 1759 1760 1745
f 1745 1760 1746
f 1760 1761 1746
f 1746 1761 1747
f 1761 1762 1747
f 1747 1762 1748
f 1762 1763 1748
f 1748 1763 1749
f 1763 1764 1749
f 1749 1764 1750
f 1764 1765 1750
f 1750 1765 1751
f 1765 1766 1751
f 1751 1766 1752
f 1766 1767 1752
f 1752 1767 1753
f 1767 1768 1753
f 1753 1768 1754
f 1768 1769 1754
f 1754 1769 1755
f 1769 1770 1755
f 1755 1770 1756
f 1770 1771 1756
f 1756 1771 1757
f 1772 1759 1758
f 1758 1759 1745
f 1771 1772 1757
f 1757 1772 1758
o IZ_04_z_1650_2100_02
g 03_IZOLACJA_ZEWNETRZNA
usemtl izolacja
v 12.4000000 10.9200000 1.6500000
v 13.2824000 10.9200000 1.6500000
v 13.2824000 10.6600000 1.6500000
v 12.6600000 10.6600000 1.6500000
v 12.6600000 9.6600000 1.6500000
v 10.2750000 9.6600000 1.6500000
v 10.2750000 9.9200000 1.6500000
v 12.4000000 9.9200000 1.6500000
v 12.4000000 10.9200000 2.1000000
v 13.2824000 10.9200000 2.1000000
v 13.2824000 10.6600000 2.1000000
v 12.6600000 10.6600000 2.1000000
v 12.6600000 9.6600000 2.1000000
v 10.2750000 9.6600000 2.1000000
v 10.2750000 9.9200000 2.1000000
v 12.4000000 9.9200000 2.1000000
f 1778 1779 1780
f 1777 1778 1780
f 1776 1777 1780
f 1774 1775 1776
f 1773 1774 1776
f 1780 1773 1776
f 1788 1787 1786
f 1788 1786 1785
f 1788 1785 1784
f 1784 1783 1782
f 1784 1782 1781
f 1784 1781 1788
f 1781 1782 1773
f 1773 1782 1774
f 1782 1783 1774
f 1774 1783 1775
f 1783 1784 1775
f 1775 1784 1776
f 1784 1785 1776
f 1776 1785 1777
f 1785 1786 1777
f 1777 1786 1778
f 1786 1787 1778
f 1778 1787 1779
f 1788 1781 1780
f 1780 1781 1773
f 1787 1788 1779
f 1779 1788 1780
o IZ_04_z_1650_2100_03
g 03_IZOLACJA_ZEWNETRZNA
usemtl izolacja
v 27.9971000 10.2246000 1.6500000
v 27.7371000 10.2246000 1.6500000
v 27.7371000 10.6600000 1.6500000
v 19.8374000 10.6600000 1.6500000
v 19.8374000 10.9200000 1.6500000
v 27.9971000 10.9200000 1.6500000
v 27.9971000 10.2246000 2.1000000
v 27.7371000 10.2246000 2.1000000
v 27.7371000 10.6600000 2.1000000
v 19.8374000 10.6600000 2.1000000
v 19.8374000 10.9200000 2.1000000
v 27.9971000 10.9200000 2.1000000
f 1792 1793 1794
f 1791 1792 1794
f 1790 1791 1794
f 1789 1790 1794
f 1800 1799 1798
f 1800 1798 1797
f 1800 1797 1796
f 1800 1796 1795
f 1795 1796 1789
f 1789 1796 1790
f 1796 1797 1790
f 1790 1797 1791
f 1797 1798 1791
f 1791 1798 1792
f 1798 1799 1792
f 1792 1799 1793
f 1800 1795 1794
f 1794 1795 1789
f 1799 1800 1793
f 1793 1800 1794
o IZ_04_z_1650_2100_04
g 03_IZOLACJA_ZEWNETRZNA
usemtl izolacja
v 28.2974000 6.9792000 1.6500000
v 28.2974000 3.0517000 1.6500000
v 28.0374000 3.0517000 1.6500000
v 28.0374000 6.7192000 1.6500000
v 27.7371000 6.7192000 1.6500000
v 27.7371000 7.1546000 1.6500000
v 27.9971000 7.1546000 1.6500000
v 27.9971000 6.9792000 1.6500000
v 28.2974000 6.9792000 2.1000000
v 28.2974000 3.0517000 2.1000000
v 28.0374000 3.0517000 2.1000000
v 28.0374000 6.7192000 2.1000000
v 27.7371000 6.7192000 2.1000000
v 27.7371000 7.1546000 2.1000000
v 27.9971000 7.1546000 2.1000000
v 27.9971000 6.9792000 2.1000000
f 1806 1807 1808
f 1805 1806 1808
f 1804 1805 1808
f 1802 1803 1804
f 1801 1802 1804
f 1808 1801 1804
f 1816 1815 1814
f 1816 1814 1813
f 1816 1813 1812
f 1812 1811 1810
f 1812 1810 1809
f 1812 1809 1816
f 1809 1810 1801
f 1801 1810 1802
f 1810 1811 1802
f 1802 1811 1803
f 1811 1812 1803
f 1803 1812 1804
f 1812 1813 1804
f 1804 1813 1805
f 1813 1814 1805
f 1805 1814 1806
f 1814 1815 1806
f 1806 1815 1807
f 1816 1809 1808
f 1808 1809 1801
f 1815 1816 1807
f 1807 1816 1808
o IZ_04_z_1650_2100_05
g 03_IZOLACJA_ZEWNETRZNA
usemtl izolacja
v 27.7199000 1.6092000 1.6500000
v 27.7199000 1.8692000 1.6500000
v 28.0374000 1.8692000 1.6500000
v 28.0374000 2.1867000 1.6500000
v 28.2974000 2.1867000 1.6500000
v 28.2974000 1.6092000 1.6500000
v 27.7199000 1.6092000 2.1000000
v 27.7199000 1.8692000 2.1000000
v 28.0374000 1.8692000 2.1000000
v 28.0374000 2.1867000 2.1000000
v 28.2974000 2.1867000 2.1000000
v 28.2974000 1.6092000 2.1000000
f 1820 1821 1822
f 1819 1820 1822
f 1818 1819 1822
f 1817 1818 1822
f 1828 1827 1826
f 1828 1826 1825
f 1828 1825 1824
f 1828 1824 1823
f 1823 1824 1817
f 1817 1824 1818
f 1824 1825 1818
f 1818 1825 1819
f 1825 1826 1819
f 1819 1826 1820
f 1826 1827 1820
f 1820 1827 1821
f 1828 1823 1822
f 1822 1823 1817
f 1827 1828 1821
f 1821 1828 1822
o IZ_04_z_1650_2100_06
g 03_IZOLACJA_ZEWNETRZNA
usemtl izolacja
v 25.5200000 0.0000000 1.6500000
v 24.4075000 0.0000000 1.6500000
v 24.4075000 0.2600000 1.6500000
v 25.2600000 0.2600000 1.6500000
v 25.2600000 1.8692000 1.6500000
v 26.8549000 1.8692000 1.6500000
v 26.8549000 1.6092000 1.6500000
v 25.5200000 1.6092000 1.6500000
v 25.5200000 0.0000000 2.1000000
v 24.4075000 0.0000000 2.1000000
v 24.4075000 0.2600000 2.1000000
v 25.2600000 0.2600000 2.1000000
v 25.2600000 1.8692000 2.1000000
v 26.8549000 1.8692000 2.1000000
v 26.8549000 1.6092000 2.1000000
v 25.5200000 1.6092000 2.1000000
f 1834 1835 1836
f 1833 1834 1836
f 1832 1833 1836
f 1830 1831 1832
f 1829 1830 1832
f 1836 1829 1832
f 1844 1843 1842
f 1844 1842 1841
f 1844 1841 1840
f 1840 1839 1838
f 1840 1838 1837
f 1840 1837 1844
f 1837 1838 1829
f 1829 1838 1830
f 1838 1839 1830
f 1830 1839 1831
f 1839 1840 1831
f 1831 1840 1832
f 1840 1841 1832
f 1832 1841 1833
f 1841 1842 1833
f 1833 1842 1834
f 1842 1843 1834
f 1834 1843 1835
f 1844 1837 1836
f 1836 1837 1829
f 1843 1844 1835
f 1835 1844 1836
o IZ_04_z_1650_2100_07
g 03_IZOLACJA_ZEWNETRZNA
usemtl izolacja
v 21.3825000 0.2600000 1.6500000
v 22.6375000 0.2600000 1.6500000
v 22.6375000 0.0000000 1.6500000
v 21.3825000 0.0000000 1.6500000
v 21.3825000 0.2600000 2.1000000
v 22.6375000 0.2600000 2.1000000
v 22.6375000 0.0000000 2.1000000
v 21.3825000 0.0000000 2.1000000
f 1847 1848 1845
f 1846 1847 1845
f 1849 1852 1851
f 1849 1851 1850
f 1849 1850 1845
f 1845 1850 1846
f 1850 1851 1846
f 1846 1851 1847
f 1852 1849 1848
f 1848 1849 1845
f 1851 1852 1847
f 1847 1852 1848
o IZ_04_z_1650_2100_08
g 03_IZOLACJA_ZEWNETRZNA
usemtl izolacja
v 18.5000000 2.4000000 1.6500000
v 14.4339000 2.4000000 1.6500000
v 14.4339000 2.6600000 1.6500000
v 18.7600000 2.6600000 1.6500000
v 18.7600000 0.2600000 1.6500000
v 19.6125000 0.2600000 1.6500000
v 19.6125000 0.0000000 1.6500000
v 18.5000000 0.0000000 1.6500000
v 18.5000000 2.4000000 2.1000000
v 14.4339000 2.4000000 2.1000000
v 14.4339000 2.6600000 2.1000000
v 18.7600000 2.6600000 2.1000000
v 18.7600000 0.2600000 2.1000000
v 19.6125000 0.2600000 2.1000000
v 19.6125000 0.0000000 2.1000000
v 18.5000000 0.0000000 2.1000000
f 1858 1859 1860
f 1857 1858 1860
f 1856 1857 1860
f 1854 1855 1856
f 1853 1854 1856
f 1860 1853 1856
f 1868 1867 1866
f 1868 1866 1865
f 1868 1865 1864
f 1864 1863 1862
f 1864 1862 1861
f 1864 1861 1868
f 1861 1862 1853
f 1853 1862 1854
f 1862 1863 1854
f 1854 1863 1855
f 1863 1864 1855
f 1855 1864 1856
f 1864 1865 1856
f 1856 1865 1857
f 1865 1866 1857
f 1857 1866 1858
f 1866 1867 1858
f 1858 1867 1859
f 1868 1861 1860
f 1860 1861 1853
f 1867 1868 1859
f 1859 1868 1860
o IZ_04_z_1650_2100_09
g 03_IZOLACJA_ZEWNETRZNA
usemtl izolacja
v 10.5700000 0.0000000 1.6500000
v 9.3950000 0.0000000 1.6500000
v 9.3950000 0.2600000 1.6500000
v 10.3100000 0.2600000 1.6500000
v 10.3100000 2.6600000 1.6500000
v 12.9339000 2.6600000 1.6500000
v 12.9339000 2.4000000 1.6500000
v 10.5700000 2.4000000 1.6500000
v 10.5700000 0.0000000 2.1000000
v 9.3950000 0.0000000 2.1000000
v 9.3950000 0.2600000 2.1000000
v 10.3100000 0.2600000 2.1000000
v 10.3100000 2.6600000 2.1000000
v 12.9339000 2.6600000 2.1000000
v 12.9339000 2.4000000 2.1000000
v 10.5700000 2.4000000 2.1000000
f 1874 1875 1876
f 1873 1874 1876
f 1872 1873 1876
f 1870 1871 1872
f 1869 1870 1872
f 1876 1869 1872
f 1884 1883 1882
f 1884 1882 1881
f 1884 1881 1880
f 1880 1879 1878
f 1880 1878 1877
f 1880 1877 1884
f 1877 1878 1869
f 1869 1878 1870
f 1878 1879 1870
f 1870 1879 1871
f 1879 1880 1871
f 1871 1880 1872
f 1880 1881 1872
f 1872 1881 1873
f 1881 1882 1873
f 1873 1882 1874
f 1882 1883 1874
f 1874 1883 1875
f 1884 1877 1876
f 1876 1877 1869
f 1883 1884 1875
f 1875 1884 1876
o IZ_04_z_1650_2100_10
g 03_IZOLACJA_ZEWNETRZNA
usemtl izolacja
v 6.4500000 1.6092000 1.6500000
v 6.0350000 1.6092000 1.6500000
v 6.0350000 1.8692000 1.6500000
v 6.7100000 1.8692000 1.6500000
v 6.7100000 0.2600000 1.6500000
v 7.6250000 0.2600000 1.6500000
v 7.6250000 0.0000000 1.6500000
v 6.4500000 0.0000000 1.6500000
v 6.4500000 1.6092000 2.1000000
v 6.0350000 1.6092000 2.1000000
v 6.0350000 1.8692000 2.1000000
v 6.7100000 1.8692000 2.1000000
v 6.7100000 0.2600000 2.1000000
v 7.6250000 0.2600000 2.1000000
v 7.6250000 0.0000000 2.1000000
v 6.4500000 0.0000000 2.1000000
f 1890 1891 1892
f 1889 1890 1892
f 1888 1889 1892
f 1886 1887 1888
f 1885 1886 1888
f 1892 1885 1888
f 1900 1899 1898
f 1900 1898 1897
f 1900 1897 1896
f 1896 1895 1894
f 1896 1894 1893
f 1896 1893 1900
f 1893 1894 1885
f 1885 1894 1886
f 1894 1895 1886
f 1886 1895 1887
f 1895 1896 1887
f 1887 1896 1888
f 1896 1897 1888
f 1888 1897 1889
f 1897 1898 1889
f 1889 1898 1890
f 1898 1899 1890
f 1890 1899 1891
f 1900 1893 1892
f 1892 1893 1885
f 1899 1900 1891
f 1891 1900 1892
o IZ_04_z_1650_2100_11
g 03_IZOLACJA_ZEWNETRZNA
usemtl izolacja
v 0.0000000 3.6842000 1.6500000
v 0.2600000 3.6842000 1.6500000
v 0.2600000 1.8692000 1.6500000
v 0.9350000 1.8692000 1.6500000
v 0.9350000 1.6092000 1.6500000
v 0.0000000 1.6092000 1.6500000
v 0.0000000 3.6842000 2.1000000
v 0.2600000 3.6842000 2.1000000
v 0.2600000 1.8692000 2.1000000
v 0.9350000 1.8692000 2.1000000
v 0.9350000 1.6092000 2.1000000
v 0.0000000 1.6092000 2.1000000
f 1904 1905 1906
f 1903 1904 1906
f 1902 1903 1906
f 1901 1902 1906
f 1912 1911 1910
f 1912 1910 1909
f 1912 1909 1908
f 1912 1908 1907
f 1907 1908 1901
f 1901 1908 1902
f 1908 1909 1902
f 1902 1909 1903
f 1909 1910 1903
f 1903 1910 1904
f 1910 1911 1904
f 1904 1911 1905
f 1912 1907 1906
f 1906 1907 1901
f 1911 1912 1905
f 1905 1912 1906
o IZ_04_z_1650_2100_12
g 03_IZOLACJA_ZEWNETRZNA
usemtl izolacja
v 0.2600000 6.6750000 1.6500000
v 0.2600000 5.1542000 1.6500000
v 0.0000000 5.1542000 1.6500000
v 0.0000000 6.6750000 1.6500000
v 0.2600000 6.6750000 2.1000000
v 0.2600000 5.1542000 2.1000000
v 0.0000000 5.1542000 2.1000000
v 0.0000000 6.6750000 2.1000000
f 1915 1916 1913
f 1914 1915 1913
f 1917 1920 1919
f 1917 1919 1918
f 1917 1918 1913
f 1913 1918 1914
f 1918 1919 1914
f 1914 1919 1915
f 1920 1917 1916
f 1916 1917 1913
f 1919 1920 1915
f 1915 1920 1916
o IZ_05_z_2100_2225_01
g 03_IZOLACJA_ZEWNETRZNA
usemtl izolacja
v 2.4000000 11.9200000 2.1000000
v 7.2700000 11.9200000 2.1000000
v 7.2700000 9.9200000 2.1000000
v 7.7100000 9.9200000 2.1000000
v 7.7100000 9.6600000 2.1000000
v 7.0100000 9.6600000 2.1000000
v 7.0100000 11.6600000 2.1000000
v 2.6600000 11.6600000 2.1000000
v 2.6600000 9.6600000 2.1000000
v 0.2600000 9.6600000 2.1000000
v 0.2600000 8.1450000 2.1000000
v 0.0000000 8.1450000 2.1000000
v 0.0000000 9.9200000 2.1000000
v 2.4000000 9.9200000 2.1000000
v 2.4000000 11.9200000 2.2250000
v 7.2700000 11.9200000 2.2250000
v 7.2700000 9.9200000 2.2250000
v 7.7100000 9.9200000 2.2250000
v 7.7100000 9.6600000 2.2250000
v 7.0100000 9.6600000 2.2250000
v 7.0100000 11.6600000 2.2250000
v 2.6600000 11.6600000 2.2250000
v 2.6600000 9.6600000 2.2250000
v 0.2600000 9.6600000 2.2250000
v 0.2600000 8.1450000 2.2250000
v 0.0000000 8.1450000 2.2250000
v 0.0000000 9.9200000 2.2250000
v 2.4000000 9.9200000 2.2250000
f 1931 1932 1933
f 1930 1931 1933
f 1929 1930 1933
f 1924 1925 1926
f 1923 1924 1926
f 1922 1923 1926
f 1929 1933 1934
f 1928 1929 1934
f 1922 1926 1927
f 1921 1922 1927
f 1928 1934 1921
f 1927 1928 1921
f 1947 1946 1945
f 1947 1945 1944
f 1947 1944 1943
f 1940 1939 1938
f 1940 1938 1937
f 1940 1937 1936
f 1948 1947 1943
f 1948 1943 1942
f 1941 1940 1936
f 1941 1936 1935
f 1935 1948 1942
f 1935 1942 1941
f 1935 1936 1921
f 1921 1936 1922
f 1936 1937 1922
f 1922 1937 1923
f 1937 1938 1923
f 1923 1938 1924
f 1938 1939 1924
f 1924 1939 1925
f 1939 1940 1925
f 1925 1940 1926
f 1940 1941 1926
f 1926 1941 1927
f 1941 1942 1927
f 1927 1942 1928
f 1942 1943 1928
f 1928 1943 1929
f 1943 1944 1929
f 1929 1944 1930
f 1944 1945 1930
f 1930 1945 1931
f 1945 1946 1931
f 1931 1946 1932
f 1946 1947 1932
f 1932 1947 1933
f 1948 1935 1934
f 1934 1935 1921
f 1947 1948 1933
f 1933 1948 1934
o IZ_05_z_2100_2225_02
g 03_IZOLACJA_ZEWNETRZNA
usemtl izolacja
v 12.4000000 10.9200000 2.1000000
v 13.2824000 10.9200000 2.1000000
v 13.2824000 10.6600000 2.1000000
v 12.6600000 10.6600000 2.1000000
v 12.6600000 9.6600000 2.1000000
v 10.2750000 9.6600000 2.1000000
v 10.2750000 9.9200000 2.1000000
v 12.4000000 9.9200000 2.1000000
v 12.4000000 10.9200000 2.2250000
v 13.2824000 10.9200000 2.2250000
v 13.2824000 10.6600000 2.2250000
v 12.6600000 10.6600000 2.2250000
v 12.6600000 9.6600000 2.2250000
v 10.2750000 9.6600000 2.2250000
v 10.2750000 9.9200000 2.2250000
v 12.4000000 9.9200000 2.2250000
f 1954 1955 1956
f 1953 1954 1956
f 1952 1953 1956
f 1950 1951 1952
f 1949 1950 1952
f 1956 1949 1952
f 1964 1963 1962
f 1964 1962 1961
f 1964 1961 1960
f 1960 1959 1958
f 1960 1958 1957
f 1960 1957 1964
f 1957 1958 1949
f 1949 1958 1950
f 1958 1959 1950
f 1950 1959 1951
f 1959 1960 1951
f 1951 1960 1952
f 1960 1961 1952
f 1952 1961 1953
f 1961 1962 1953
f 1953 1962 1954
f 1962 1963 1954
f 1954 1963 1955
f 1964 1957 1956
f 1956 1957 1949
f 1963 1964 1955
f 1955 1964 1956
o IZ_05_z_2100_2225_03
g 03_IZOLACJA_ZEWNETRZNA
usemtl izolacja
v 27.9971000 10.2246000 2.1000000
v 27.7371000 10.2246000 2.1000000
v 27.7371000 10.6600000 2.1000000
v 19.8374000 10.6600000 2.1000000
v 19.8374000 10.9200000 2.1000000
v 27.9971000 10.9200000 2.1000000
v 27.9971000 10.2246000 2.2250000
v 27.7371000 10.2246000 2.2250000
v 27.7371000 10.6600000 2.2250000
v 19.8374000 10.6600000 2.2250000
v 19.8374000 10.9200000 2.2250000
v 27.9971000 10.9200000 2.2250000
f 1968 1969 1970
f 1967 1968 1970
f 1966 1967 1970
f 1965 1966 1970
f 1976 1975 1974
f 1976 1974 1973
f 1976 1973 1972
f 1976 1972 1971
f 1971 1972 1965
f 1965 1972 1966
f 1972 1973 1966
f 1966 1973 1967
f 1973 1974 1967
f 1967 1974 1968
f 1974 1975 1968
f 1968 1975 1969
f 1976 1971 1970
f 1970 1971 1965
f 1975 1976 1969
f 1969 1976 1970
o IZ_05_z_2100_2225_04
g 03_IZOLACJA_ZEWNETRZNA
usemtl izolacja
v 28.2974000 6.9792000 2.1000000
v 28.2974000 3.0517000 2.1000000
v 28.0374000 3.0517000 2.1000000
v 28.0374000 6.7192000 2.1000000
v 27.7371000 6.7192000 2.1000000
v 27.7371000 7.1546000 2.1000000
v 27.9971000 7.1546000 2.1000000
v 27.9971000 6.9792000 2.1000000
v 28.2974000 6.9792000 2.2250000
v 28.2974000 3.0517000 2.2250000
v 28.0374000 3.0517000 2.2250000
v 28.0374000 6.7192000 2.2250000
v 27.7371000 6.7192000 2.2250000
v 27.7371000 7.1546000 2.2250000
v 27.9971000 7.1546000 2.2250000
v 27.9971000 6.9792000 2.2250000
f 1982 1983 1984
f 1981 1982 1984
f 1980 1981 1984
f 1978 1979 1980
f 1977 1978 1980
f 1984 1977 1980
f 1992 1991 1990
f 1992 1990 1989
f 1992 1989 1988
f 1988 1987 1986
f 1988 1986 1985
f 1988 1985 1992
f 1985 1986 1977
f 1977 1986 1978
f 1986 1987 1978
f 1978 1987 1979
f 1987 1988 1979
f 1979 1988 1980
f 1988 1989 1980
f 1980 1989 1981
f 1989 1990 1981
f 1981 1990 1982
f 1990 1991 1982
f 1982 1991 1983
f 1992 1985 1984
f 1984 1985 1977
f 1991 1992 1983
f 1983 1992 1984
o IZ_05_z_2100_2225_05
g 03_IZOLACJA_ZEWNETRZNA
usemtl izolacja
v 27.7199000 1.6092000 2.1000000
v 27.7199000 1.8692000 2.1000000
v 28.0374000 1.8692000 2.1000000
v 28.0374000 2.1867000 2.1000000
v 28.2974000 2.1867000 2.1000000
v 28.2974000 1.6092000 2.1000000
v 27.7199000 1.6092000 2.2250000
v 27.7199000 1.8692000 2.2250000
v 28.0374000 1.8692000 2.2250000
v 28.0374000 2.1867000 2.2250000
v 28.2974000 2.1867000 2.2250000
v 28.2974000 1.6092000 2.2250000
f 1996 1997 1998
f 1995 1996 1998
f 1994 1995 1998
f 1993 1994 1998
f 2004 2003 2002
f 2004 2002 2001
f 2004 2001 2000
f 2004 2000 1999
f 1999 2000 1993
f 1993 2000 1994
f 2000 2001 1994
f 1994 2001 1995
f 2001 2002 1995
f 1995 2002 1996
f 2002 2003 1996
f 1996 2003 1997
f 2004 1999 1998
f 1998 1999 1993
f 2003 2004 1997
f 1997 2004 1998
o IZ_05_z_2100_2225_06
g 03_IZOLACJA_ZEWNETRZNA
usemtl izolacja
v 25.5200000 0.0000000 2.1000000
v 24.4075000 0.0000000 2.1000000
v 24.4075000 0.2600000 2.1000000
v 25.2600000 0.2600000 2.1000000
v 25.2600000 1.8692000 2.1000000
v 26.8549000 1.8692000 2.1000000
v 26.8549000 1.6092000 2.1000000
v 25.5200000 1.6092000 2.1000000
v 25.5200000 0.0000000 2.2250000
v 24.4075000 0.0000000 2.2250000
v 24.4075000 0.2600000 2.2250000
v 25.2600000 0.2600000 2.2250000
v 25.2600000 1.8692000 2.2250000
v 26.8549000 1.8692000 2.2250000
v 26.8549000 1.6092000 2.2250000
v 25.5200000 1.6092000 2.2250000
f 2010 2011 2012
f 2009 2010 2012
f 2008 2009 2012
f 2006 2007 2008
f 2005 2006 2008
f 2012 2005 2008
f 2020 2019 2018
f 2020 2018 2017
f 2020 2017 2016
f 2016 2015 2014
f 2016 2014 2013
f 2016 2013 2020
f 2013 2014 2005
f 2005 2014 2006
f 2014 2015 2006
f 2006 2015 2007
f 2015 2016 2007
f 2007 2016 2008
f 2016 2017 2008
f 2008 2017 2009
f 2017 2018 2009
f 2009 2018 2010
f 2018 2019 2010
f 2010 2019 2011
f 2020 2013 2012
f 2012 2013 2005
f 2019 2020 2011
f 2011 2020 2012
o IZ_05_z_2100_2225_07
g 03_IZOLACJA_ZEWNETRZNA
usemtl izolacja
v 21.3825000 0.2600000 2.1000000
v 22.6375000 0.2600000 2.1000000
v 22.6375000 0.0000000 2.1000000
v 21.3825000 0.0000000 2.1000000
v 21.3825000 0.2600000 2.2250000
v 22.6375000 0.2600000 2.2250000
v 22.6375000 0.0000000 2.2250000
v 21.3825000 0.0000000 2.2250000
f 2023 2024 2021
f 2022 2023 2021
f 2025 2028 2027
f 2025 2027 2026
f 2025 2026 2021
f 2021 2026 2022
f 2026 2027 2022
f 2022 2027 2023
f 2028 2025 2024
f 2024 2025 2021
f 2027 2028 2023
f 2023 2028 2024
o IZ_05_z_2100_2225_08
g 03_IZOLACJA_ZEWNETRZNA
usemtl izolacja
v 18.5000000 2.4000000 2.1000000
v 10.5700000 2.4000000 2.1000000
v 10.5700000 0.0000000 2.1000000
v 9.3950000 0.0000000 2.1000000
v 9.3950000 0.2600000 2.1000000
v 10.3100000 0.2600000 2.1000000
v 10.3100000 2.6600000 2.1000000
v 18.7600000 2.6600000 2.1000000
v 18.7600000 0.2600000 2.1000000
v 19.6125000 0.2600000 2.1000000
v 19.6125000 0.0000000 2.1000000
v 18.5000000 0.0000000 2.1000000
v 18.5000000 2.4000000 2.2250000
v 10.5700000 2.4000000 2.2250000
v 10.5700000 0.0000000 2.2250000
v 9.3950000 0.0000000 2.2250000
v 9.3950000 0.2600000 2.2250000
v 10.3100000 0.2600000 2.2250000
v 10.3100000 2.6600000 2.2250000
v 18.7600000 2.6600000 2.2250000
v 18.7600000 0.2600000 2.2250000
v 19.6125000 0.2600000 2.2250000
v 19.6125000 0.0000000 2.2250000
v 18.5000000 0.0000000 2.2250000
f 2038 2039 2040
f 2037 2038 2040
f 2036 2037 2040
f 2032 2033 2034
f 2031 2032 2034
f 2030 2031 2034
f 2036 2040 2029
f 2035 2036 2029
f 2030 2034 2035
f 2029 2030 2035
f 2052 2051 2050
f 2052 2050 2049
f 2052 2049 2048
f 2046 2045 2044
f 2046 2044 2043
f 2046 2043 2042
f 2041 2052 2048
f 2041 2048 2047
f 2047 2046 2042
f 2047 2042 2041
f 2041 2042 2029
f 2029 2042 2030
f 2042 2043 2030
f 2030 2043 2031
f 2043 2044 2031
f 2031 2044 2032
f 2044 2045 2032
f 2032 2045 2033
f 2045 2046 2033
f 2033 2046 2034
f 2046 2047 2034
f 2034 2047 2035
f 2047 2048 2035
f 2035 2048 2036
f 2048 2049 2036
f 2036 2049 2037
f 2049 2050 2037
f 2037 2050 2038
f 2050 2051 2038
f 2038 2051 2039
f 2052 2041 2040
f 2040 2041 2029
f 2051 2052 2039
f 2039 2052 2040
o IZ_05_z_2100_2225_09
g 03_IZOLACJA_ZEWNETRZNA
usemtl izolacja
v 6.4500000 1.6092000 2.1000000
v 6.0350000 1.6092000 2.1000000
v 6.0350000 1.8692000 2.1000000
v 6.7100000 1.8692000 2.1000000
v 6.7100000 0.2600000 2.1000000
v 7.6250000 0.2600000 2.1000000
v 7.6250000 0.0000000 2.1000000
v 6.4500000 0.0000000 2.1000000
v 6.4500000 1.6092000 2.2250000
v 6.0350000 1.6092000 2.2250000
v 6.0350000 1.8692000 2.2250000
v 6.7100000 1.8692000 2.2250000
v 6.7100000 0.2600000 2.2250000
v 7.6250000 0.2600000 2.2250000
v 7.6250000 0.0000000 2.2250000
v 6.4500000 0.0000000 2.2250000
f 2058 2059 2060
f 2057 2058 2060
f 2056 2057 2060
f 2054 2055 2056
f 2053 2054 2056
f 2060 2053 2056
f 2068 2067 2066
f 2068 2066 2065
f 2068 2065 2064
f 2064 2063 2062
f 2064 2062 2061
f 2064 2061 2068
f 2061 2062 2053
f 2053 2062 2054
f 2062 2063 2054
f 2054 2063 2055
f 2063 2064 2055
f 2055 2064 2056
f 2064 2065 2056
f 2056 2065 2057
f 2065 2066 2057
f 2057 2066 2058
f 2066 2067 2058
f 2058 2067 2059
f 2068 2061 2060
f 2060 2061 2053
f 2067 2068 2059
f 2059 2068 2060
o IZ_05_z_2100_2225_10
g 03_IZOLACJA_ZEWNETRZNA
usemtl izolacja
v 0.0000000 3.6842000 2.1000000
v 0.2600000 3.6842000 2.1000000
v 0.2600000 1.8692000 2.1000000
v 0.9350000 1.8692000 2.1000000
v 0.9350000 1.6092000 2.1000000
v 0.0000000 1.6092000 2.1000000
v 0.0000000 3.6842000 2.2250000
v 0.2600000 3.6842000 2.2250000
v 0.2600000 1.8692000 2.2250000
v 0.9350000 1.8692000 2.2250000
v 0.9350000 1.6092000 2.2250000
v 0.0000000 1.6092000 2.2250000
f 2072 2073 2074
f 2071 2072 2074
f 2070 2071 2074
f 2069 2070 2074
f 2080 2079 2078
f 2080 2078 2077
f 2080 2077 2076
f 2080 2076 2075
f 2075 2076 2069
f 2069 2076 2070
f 2076 2077 2070
f 2070 2077 2071
f 2077 2078 2071
f 2071 2078 2072
f 2078 2079 2072
f 2072 2079 2073
f 2080 2075 2074
f 2074 2075 2069
f 2079 2080 2073
f 2073 2080 2074
o IZ_05_z_2100_2225_11
g 03_IZOLACJA_ZEWNETRZNA
usemtl izolacja
v 0.2600000 6.6750000 2.1000000
v 0.2600000 5.1542000 2.1000000
v 0.0000000 5.1542000 2.1000000
v 0.0000000 6.6750000 2.1000000
v 0.2600000 6.6750000 2.2250000
v 0.2600000 5.1542000 2.2250000
v 0.0000000 5.1542000 2.2250000
v 0.0000000 6.6750000 2.2250000
f 2083 2084 2081
f 2082 2083 2081
f 2085 2088 2087
f 2085 2087 2086
f 2085 2086 2081
f 2081 2086 2082
f 2086 2087 2082
f 2082 2087 2083
f 2088 2085 2084
f 2084 2085 2081
f 2087 2088 2083
f 2083 2088 2084
o IZ_06_z_2225_2250_01
g 03_IZOLACJA_ZEWNETRZNA
usemtl izolacja
v 2.4000000 11.9200000 2.2250000
v 7.2700000 11.9200000 2.2250000
v 7.2700000 9.9200000 2.2250000
v 7.7100000 9.9200000 2.2250000
v 7.7100000 9.6600000 2.2250000
v 7.0100000 9.6600000 2.2250000
v 7.0100000 11.6600000 2.2250000
v 2.6600000 11.6600000 2.2250000
v 2.6600000 9.6600000 2.2250000
v 0.2600000 9.6600000 2.2250000
v 0.2600000 1.8692000 2.2250000
v 0.9350000 1.8692000 2.2250000
v 0.9350000 1.6092000 2.2250000
v 0.0000000 1.6092000 2.2250000
v 0.0000000 9.9200000 2.2250000
v 2.4000000 9.9200000 2.2250000
v 2.4000000 11.9200000 2.2500000
v 7.2700000 11.9200000 2.2500000
v 7.2700000 9.9200000 2.2500000
v 7.7100000 9.9200000 2.2500000
v 7.7100000 9.6600000 2.2500000
v 7.0100000 9.6600000 2.2500000
v 7.0100000 11.6600000 2.2500000
v 2.6600000 11.6600000 2.2500000
v 2.6600000 9.6600000 2.2500000
v 0.2600000 9.6600000 2.2500000
v 0.2600000 1.8692000 2.2500000
v 0.9350000 1.8692000 2.2500000
v 0.9350000 1.6092000 2.2500000
v 0.0000000 1.6092000 2.2500000
v 0.0000000 9.9200000 2.2500000
v 2.4000000 9.9200000 2.2500000
f 2100 2101 2102
f 2099 2100 2102
f 2098 2099 2102
f 2092 2093 2094
f 2091 2092 2094
f 2090 2091 2094
f 2098 2102 2103
f 2097 2098 2103
f 2090 2094 2095
f 2089 2090 2095
f 2097 2103 2104
f 2096 2097 2104
f 2089 2095 2096
f 2104 2089 2096
f 2118 2117 2116
f 2118 2116 2115
f 2118 2115 2114
f 2110 2109 2108
f 2110 2108 2107
f 2110 2107 2106
f 2119 2118 2114
f 2119 2114 2113
f 2111 2110 2106
f 2111 2106 2105
f 2120 2119 2113
f 2120 2113 2112
f 2112 2111 2105
f 2112 2105 2120
f 2105 2106 2089
f 2089 2106 2090
f 2106 2107 2090
f 2090 2107 2091
f 2107 2108 2091
f 2091 2108 2092
f 2108 2109 2092
f 2092 2109 2093
f 2109 2110 2093
f 2093 2110 2094
f 2110 2111 2094
f 2094 2111 2095
f 2111 2112 2095
f 2095 2112 2096
f 2112 2113 2096
f 2096 2113 2097
f 2113 2114 2097
f 2097 2114 2098
f 2114 2115 2098
f 2098 2115 2099
f 2115 2116 2099
f 2099 2116 2100
f 2116 2117 2100
f 2100 2117 2101
f 2117 2118 2101
f 2101 2118 2102
f 2118 2119 2102
f 2102 2119 2103
f 2120 2105 2104
f 2104 2105 2089
f 2119 2120 2103
f 2103 2120 2104
o IZ_06_z_2225_2250_02
g 03_IZOLACJA_ZEWNETRZNA
usemtl izolacja
v 12.4000000 10.9200000 2.2250000
v 13.2824000 10.9200000 2.2250000
v 13.2824000 10.6600000 2.2250000
v 12.6600000 10.6600000 2.2250000
v 12.6600000 9.6600000 2.2250000
v 10.2750000 9.6600000 2.2250000
v 10.2750000 9.9200000 2.2250000
v 12.4000000 9.9200000 2.2250000
v 12.4000000 10.9200000 2.2500000
v 13.2824000 10.9200000 2.2500000
v 13.2824000 10.6600000 2.2500000
v 12.6600000 10.6600000 2.2500000
v 12.6600000 9.6600000 2.2500000
v 10.2750000 9.6600000 2.2500000
v 10.2750000 9.9200000 2.2500000
v 12.4000000 9.9200000 2.2500000
f 2126 2127 2128
f 2125 2126 2128
f 2124 2125 2128
f 2122 2123 2124
f 2121 2122 2124
f 2128 2121 2124
f 2136 2135 2134
f 2136 2134 2133
f 2136 2133 2132
f 2132 2131 2130
f 2132 2130 2129
f 2132 2129 2136
f 2129 2130 2121
f 2121 2130 2122
f 2130 2131 2122
f 2122 2131 2123
f 2131 2132 2123
f 2123 2132 2124
f 2132 2133 2124
f 2124 2133 2125
f 2133 2134 2125
f 2125 2134 2126
f 2134 2135 2126
f 2126 2135 2127
f 2136 2129 2128
f 2128 2129 2121
f 2135 2136 2127
f 2127 2136 2128
o IZ_06_z_2225_2250_03
g 03_IZOLACJA_ZEWNETRZNA
usemtl izolacja
v 27.9971000 10.2246000 2.2250000
v 27.7371000 10.2246000 2.2250000
v 27.7371000 10.6600000 2.2250000
v 19.8374000 10.6600000 2.2250000
v 19.8374000 10.9200000 2.2250000
v 27.9971000 10.9200000 2.2250000
v 27.9971000 10.2246000 2.2500000
v 27.7371000 10.2246000 2.2500000
v 27.7371000 10.6600000 2.2500000
v 19.8374000 10.6600000 2.2500000
v 19.8374000 10.9200000 2.2500000
v 27.9971000 10.9200000 2.2500000
f 2140 2141 2142
f 2139 2140 2142
f 2138 2139 2142
f 2137 2138 2142
f 2148 2147 2146
f 2148 2146 2145
f 2148 2145 2144
f 2148 2144 2143
f 2143 2144 2137
f 2137 2144 2138
f 2144 2145 2138
f 2138 2145 2139
f 2145 2146 2139
f 2139 2146 2140
f 2146 2147 2140
f 2140 2147 2141
f 2148 2143 2142
f 2142 2143 2137
f 2147 2148 2141
f 2141 2148 2142
o IZ_06_z_2225_2250_04
g 03_IZOLACJA_ZEWNETRZNA
usemtl izolacja
v 28.2974000 6.9792000 2.2250000
v 28.2974000 3.0517000 2.2250000
v 28.0374000 3.0517000 2.2250000
v 28.0374000 6.7192000 2.2250000
v 27.7371000 6.7192000 2.2250000
v 27.7371000 7.1546000 2.2250000
v 27.9971000 7.1546000 2.2250000
v 27.9971000 6.9792000 2.2250000
v 28.2974000 6.9792000 2.2500000
v 28.2974000 3.0517000 2.2500000
v 28.0374000 3.0517000 2.2500000
v 28.0374000 6.7192000 2.2500000
v 27.7371000 6.7192000 2.2500000
v 27.7371000 7.1546000 2.2500000
v 27.9971000 7.1546000 2.2500000
v 27.9971000 6.9792000 2.2500000
f 2154 2155 2156
f 2153 2154 2156
f 2152 2153 2156
f 2150 2151 2152
f 2149 2150 2152
f 2156 2149 2152
f 2164 2163 2162
f 2164 2162 2161
f 2164 2161 2160
f 2160 2159 2158
f 2160 2158 2157
f 2160 2157 2164
f 2157 2158 2149
f 2149 2158 2150
f 2158 2159 2150
f 2150 2159 2151
f 2159 2160 2151
f 2151 2160 2152
f 2160 2161 2152
f 2152 2161 2153
f 2161 2162 2153
f 2153 2162 2154
f 2162 2163 2154
f 2154 2163 2155
f 2164 2157 2156
f 2156 2157 2149
f 2163 2164 2155
f 2155 2164 2156
o IZ_06_z_2225_2250_05
g 03_IZOLACJA_ZEWNETRZNA
usemtl izolacja
v 27.7199000 1.6092000 2.2250000
v 27.7199000 1.8692000 2.2250000
v 28.0374000 1.8692000 2.2250000
v 28.0374000 2.1867000 2.2250000
v 28.2974000 2.1867000 2.2250000
v 28.2974000 1.6092000 2.2250000
v 27.7199000 1.6092000 2.2500000
v 27.7199000 1.8692000 2.2500000
v 28.0374000 1.8692000 2.2500000
v 28.0374000 2.1867000 2.2500000
v 28.2974000 2.1867000 2.2500000
v 28.2974000 1.6092000 2.2500000
f 2168 2169 2170
f 2167 2168 2170
f 2166 2167 2170
f 2165 2166 2170
f 2176 2175 2174
f 2176 2174 2173
f 2176 2173 2172
f 2176 2172 2171
f 2171 2172 2165
f 2165 2172 2166
f 2172 2173 2166
f 2166 2173 2167
f 2173 2174 2167
f 2167 2174 2168
f 2174 2175 2168
f 2168 2175 2169
f 2176 2171 2170
f 2170 2171 2165
f 2175 2176 2169
f 2169 2176 2170
o IZ_06_z_2225_2250_06
g 03_IZOLACJA_ZEWNETRZNA
usemtl izolacja
v 25.5200000 0.0000000 2.2250000
v 24.4075000 0.0000000 2.2250000
v 24.4075000 0.2600000 2.2250000
v 25.2600000 0.2600000 2.2250000
v 25.2600000 1.8692000 2.2250000
v 26.8549000 1.8692000 2.2250000
v 26.8549000 1.6092000 2.2250000
v 25.5200000 1.6092000 2.2250000
v 25.5200000 0.0000000 2.2500000
v 24.4075000 0.0000000 2.2500000
v 24.4075000 0.2600000 2.2500000
v 25.2600000 0.2600000 2.2500000
v 25.2600000 1.8692000 2.2500000
v 26.8549000 1.8692000 2.2500000
v 26.8549000 1.6092000 2.2500000
v 25.5200000 1.6092000 2.2500000
f 2182 2183 2184
f 2181 2182 2184
f 2180 2181 2184
f 2178 2179 2180
f 2177 2178 2180
f 2184 2177 2180
f 2192 2191 2190
f 2192 2190 2189
f 2192 2189 2188
f 2188 2187 2186
f 2188 2186 2185
f 2188 2185 2192
f 2185 2186 2177
f 2177 2186 2178
f 2186 2187 2178
f 2178 2187 2179
f 2187 2188 2179
f 2179 2188 2180
f 2188 2189 2180
f 2180 2189 2181
f 2189 2190 2181
f 2181 2190 2182
f 2190 2191 2182
f 2182 2191 2183
f 2192 2185 2184
f 2184 2185 2177
f 2191 2192 2183
f 2183 2192 2184
o IZ_06_z_2225_2250_07
g 03_IZOLACJA_ZEWNETRZNA
usemtl izolacja
v 21.3825000 0.2600000 2.2250000
v 22.6375000 0.2600000 2.2250000
v 22.6375000 0.0000000 2.2250000
v 21.3825000 0.0000000 2.2250000
v 21.3825000 0.2600000 2.2500000
v 22.6375000 0.2600000 2.2500000
v 22.6375000 0.0000000 2.2500000
v 21.3825000 0.0000000 2.2500000
f 2195 2196 2193
f 2194 2195 2193
f 2197 2200 2199
f 2197 2199 2198
f 2197 2198 2193
f 2193 2198 2194
f 2198 2199 2194
f 2194 2199 2195
f 2200 2197 2196
f 2196 2197 2193
f 2199 2200 2195
f 2195 2200 2196
o IZ_06_z_2225_2250_08
g 03_IZOLACJA_ZEWNETRZNA
usemtl izolacja
v 18.5000000 2.4000000 2.2250000
v 10.5700000 2.4000000 2.2250000
v 10.5700000 0.0000000 2.2250000
v 9.3950000 0.0000000 2.2250000
v 9.3950000 0.2600000 2.2250000
v 10.3100000 0.2600000 2.2250000
v 10.3100000 2.6600000 2.2250000
v 18.7600000 2.6600000 2.2250000
v 18.7600000 0.2600000 2.2250000
v 19.6125000 0.2600000 2.2250000
v 19.6125000 0.0000000 2.2250000
v 18.5000000 0.0000000 2.2250000
v 18.5000000 2.4000000 2.2500000
v 10.5700000 2.4000000 2.2500000
v 10.5700000 0.0000000 2.2500000
v 9.3950000 0.0000000 2.2500000
v 9.3950000 0.2600000 2.2500000
v 10.3100000 0.2600000 2.2500000
v 10.3100000 2.6600000 2.2500000
v 18.7600000 2.6600000 2.2500000
v 18.7600000 0.2600000 2.2500000
v 19.6125000 0.2600000 2.2500000
v 19.6125000 0.0000000 2.2500000
v 18.5000000 0.0000000 2.2500000
f 2210 2211 2212
f 2209 2210 2212
f 2208 2209 2212
f 2204 2205 2206
f 2203 2204 2206
f 2202 2203 2206
f 2208 2212 2201
f 2207 2208 2201
f 2202 2206 2207
f 2201 2202 2207
f 2224 2223 2222
f 2224 2222 2221
f 2224 2221 2220
f 2218 2217 2216
f 2218 2216 2215
f 2218 2215 2214
f 2213 2224 2220
f 2213 2220 2219
f 2219 2218 2214
f 2219 2214 2213
f 2213 2214 2201
f 2201 2214 2202
f 2214 2215 2202
f 2202 2215 2203
f 2215 2216 2203
f 2203 2216 2204
f 2216 2217 2204
f 2204 2217 2205
f 2217 2218 2205
f 2205 2218 2206
f 2218 2219 2206
f 2206 2219 2207
f 2219 2220 2207
f 2207 2220 2208
f 2220 2221 2208
f 2208 2221 2209
f 2221 2222 2209
f 2209 2222 2210
f 2222 2223 2210
f 2210 2223 2211
f 2224 2213 2212
f 2212 2213 2201
f 2223 2224 2211
f 2211 2224 2212
o IZ_06_z_2225_2250_09
g 03_IZOLACJA_ZEWNETRZNA
usemtl izolacja
v 6.4500000 1.6092000 2.2250000
v 6.0350000 1.6092000 2.2250000
v 6.0350000 1.8692000 2.2250000
v 6.7100000 1.8692000 2.2250000
v 6.7100000 0.2600000 2.2250000
v 7.6250000 0.2600000 2.2250000
v 7.6250000 0.0000000 2.2250000
v 6.4500000 0.0000000 2.2250000
v 6.4500000 1.6092000 2.2500000
v 6.0350000 1.6092000 2.2500000
v 6.0350000 1.8692000 2.2500000
v 6.7100000 1.8692000 2.2500000
v 6.7100000 0.2600000 2.2500000
v 7.6250000 0.2600000 2.2500000
v 7.6250000 0.0000000 2.2500000
v 6.4500000 0.0000000 2.2500000
f 2230 2231 2232
f 2229 2230 2232
f 2228 2229 2232
f 2226 2227 2228
f 2225 2226 2228
f 2232 2225 2228
f 2240 2239 2238
f 2240 2238 2237
f 2240 2237 2236
f 2236 2235 2234
f 2236 2234 2233
f 2236 2233 2240
f 2233 2234 2225
f 2225 2234 2226
f 2234 2235 2226
f 2226 2235 2227
f 2235 2236 2227
f 2227 2236 2228
f 2236 2237 2228
f 2228 2237 2229
f 2237 2238 2229
f 2229 2238 2230
f 2238 2239 2230
f 2230 2239 2231
f 2240 2233 2232
f 2232 2233 2225
f 2239 2240 2231
f 2231 2240 2232
o IZ_07_z_2250_2390_01
g 03_IZOLACJA_ZEWNETRZNA
usemtl izolacja
v 2.4000000 11.9200000 2.2500000
v 7.2700000 11.9200000 2.2500000
v 7.2700000 9.9200000 2.2500000
v 7.7100000 9.9200000 2.2500000
v 7.7100000 9.6600000 2.2500000
v 7.0100000 9.6600000 2.2500000
v 7.0100000 11.6600000 2.2500000
v 2.6600000 11.6600000 2.2500000
v 2.6600000 9.6600000 2.2500000
v 0.2600000 9.6600000 2.2500000
v 0.2600000 1.8692000 2.2500000
v 6.7100000 1.8692000 2.2500000
v 6.7100000 0.2600000 2.2500000
v 7.6250000 0.2600000 2.2500000
v 7.6250000 0.0000000 2.2500000
v 6.4500000 0.0000000 2.2500000
v 6.4500000 1.6092000 2.2500000
v 0.0000000 1.6092000 2.2500000
v 0.0000000 9.9200000 2.2500000
v 2.4000000 9.9200000 2.2500000
v 2.4000000 11.9200000 2.3900000
v 7.2700000 11.9200000 2.3900000
v 7.2700000 9.9200000 2.3900000
v 7.7100000 9.9200000 2.3900000
v 7.7100000 9.6600000 2.3900000
v 7.0100000 9.6600000 2.3900000
v 7.0100000 11.6600000 2.3900000
v 2.6600000 11.6600000 2.3900000
v 2.6600000 9.6600000 2.3900000
v 0.2600000 9.6600000 2.3900000
v 0.2600000 1.8692000 2.3900000
v 6.7100000 1.8692000 2.3900000
v 6.7100000 0.2600000 2.3900000
v 7.6250000 0.2600000 2.3900000
v 7.6250000 0.0000000 2.3900000
v 6.4500000 0.0000000 2.3900000
v 6.4500000 1.6092000 2.3900000
v 0.0000000 1.6092000 2.3900000
v 0.0000000 9.9200000 2.3900000
v 2.4000000 9.9200000 2.3900000
f 2254 2255 2256
f 2253 2254 2256
f 2252 2253 2256
f 2244 2245 2246
f 2243 2244 2246
f 2242 2243 2246
f 2252 2256 2257
f 2251 2252 2257
f 2242 2246 2247
f 2241 2242 2247
f 2251 2257 2258
f 2250 2251 2258
f 2241 2247 2248
f 2260 2241 2248
f 2250 2258 2259
f 2249 2250 2259
f 2260 2248 2249
f 2259 2260 2249
f 2276 2275 2274
f 2276 2274 2273
f 2276 2273 2272
f 2266 2265 2264
f 2266 2264 2263
f 2266 2263 2262
f 2277 2276 2272
f 2277 2272 2271
f 2267 2266 2262
f 2267 2262 2261
f 2278 2277 2271
f 2278 2271 2270
f 2268 2267 2261
f 2268 2261 2280
f 2279 2278 2270
f 2279 2270 2269
f 2269 2268 2280
f 2269 2280 2279
f 2261 2262 2241
f 2241 2262 2242
f 2262 2263 2242
f 2242 2263 2243
f 2263 2264 2243
f 2243 2264 2244
f 2264 2265 2244
f 2244 2265 2245
f 2265 2266 2245
f 2245 2266 2246
f 2266 2267 2246
f 2246 2267 2247
f 2267 2268 2247
f 2247 2268 2248
f 2268 2269 2248
f 2248 2269 2249
f 2269 2270 2249
f 2249 2270 2250
f 2270 2271 2250
f 2250 2271 2251
f 2271 2272 2251
f 2251 2272 2252
f 2272 2273 2252
f 2252 2273 2253
f 2273 2274 2253
f 2253 2274 2254
f 2274 2275 2254
f 2254 2275 2255
f 2275 2276 2255
f 2255 2276 2256
f 2276 2277 2256
f 2256 2277 2257
f 2277 2278 2257
f 2257 2278 2258
f 2278 2279 2258
f 2258 2279 2259
f 2280 2261 2260
f 2260 2261 2241
f 2279 2280 2259
f 2259 2280 2260
o IZ_07_z_2250_2390_02
g 03_IZOLACJA_ZEWNETRZNA
usemtl izolacja
v 12.4000000 10.9200000 2.2500000
v 13.2824000 10.9200000 2.2500000
v 13.2824000 10.6600000 2.2500000
v 12.6600000 10.6600000 2.2500000
v 12.6600000 9.6600000 2.2500000
v 10.2750000 9.6600000 2.2500000
v 10.2750000 9.9200000 2.2500000
v 12.4000000 9.9200000 2.2500000
v 12.4000000 10.9200000 2.3900000
v 13.2824000 10.9200000 2.3900000
v 13.2824000 10.6600000 2.3900000
v 12.6600000 10.6600000 2.3900000
v 12.6600000 9.6600000 2.3900000
v 10.2750000 9.6600000 2.3900000
v 10.2750000 9.9200000 2.3900000
v 12.4000000 9.9200000 2.3900000
f 2286 2287 2288
f 2285 2286 2288
f 2284 2285 2288
f 2282 2283 2284
f 2281 2282 2284
f 2288 2281 2284
f 2296 2295 2294
f 2296 2294 2293
f 2296 2293 2292
f 2292 2291 2290
f 2292 2290 2289
f 2292 2289 2296
f 2289 2290 2281
f 2281 2290 2282
f 2290 2291 2282
f 2282 2291 2283
f 2291 2292 2283
f 2283 2292 2284
f 2292 2293 2284
f 2284 2293 2285
f 2293 2294 2285
f 2285 2294 2286
f 2294 2295 2286
f 2286 2295 2287
f 2296 2289 2288
f 2288 2289 2281
f 2295 2296 2287
f 2287 2296 2288
o IZ_07_z_2250_2390_03
g 03_IZOLACJA_ZEWNETRZNA
usemtl izolacja
v 27.9971000 10.2246000 2.2500000
v 27.7371000 10.2246000 2.2500000
v 27.7371000 10.6600000 2.2500000
v 19.8374000 10.6600000 2.2500000
v 19.8374000 10.9200000 2.2500000
v 27.9971000 10.9200000 2.2500000
v 27.9971000 10.2246000 2.3900000
v 27.7371000 10.2246000 2.3900000
v 27.7371000 10.6600000 2.3900000
v 19.8374000 10.6600000 2.3900000
v 19.8374000 10.9200000 2.3900000
v 27.9971000 10.9200000 2.3900000
f 2300 2301 2302
f 2299 2300 2302
f 2298 2299 2302
f 2297 2298 2302
f 2308 2307 2306
f 2308 2306 2305
f 2308 2305 2304
f 2308 2304 2303
f 2303 2304 2297
f 2297 2304 2298
f 2304 2305 2298
f 2298 2305 2299
f 2305 2306 2299
f 2299 2306 2300
f 2306 2307 2300
f 2300 2307 2301
f 2308 2303 2302
f 2302 2303 2297
f 2307 2308 2301
f 2301 2308 2302
o IZ_07_z_2250_2390_04
g 03_IZOLACJA_ZEWNETRZNA
usemtl izolacja
v 28.2974000 6.9792000 2.2500000
v 28.2974000 3.0517000 2.2500000
v 28.0374000 3.0517000 2.2500000
v 28.0374000 6.7192000 2.2500000
v 27.7371000 6.7192000 2.2500000
v 27.7371000 7.1546000 2.2500000
v 27.9971000 7.1546000 2.2500000
v 27.9971000 6.9792000 2.2500000
v 28.2974000 6.9792000 2.3900000
v 28.2974000 3.0517000 2.3900000
v 28.0374000 3.0517000 2.3900000
v 28.0374000 6.7192000 2.3900000
v 27.7371000 6.7192000 2.3900000
v 27.7371000 7.1546000 2.3900000
v 27.9971000 7.1546000 2.3900000
v 27.9971000 6.9792000 2.3900000
f 2314 2315 2316
f 2313 2314 2316
f 2312 2313 2316
f 2310 2311 2312
f 2309 2310 2312
f 2316 2309 2312
f 2324 2323 2322
f 2324 2322 2321
f 2324 2321 2320
f 2320 2319 2318
f 2320 2318 2317
f 2320 2317 2324
f 2317 2318 2309
f 2309 2318 2310
f 2318 2319 2310
f 2310 2319 2311
f 2319 2320 2311
f 2311 2320 2312
f 2320 2321 2312
f 2312 2321 2313
f 2321 2322 2313
f 2313 2322 2314
f 2322 2323 2314
f 2314 2323 2315
f 2324 2317 2316
f 2316 2317 2309
f 2323 2324 2315
f 2315 2324 2316
o IZ_07_z_2250_2390_05
g 03_IZOLACJA_ZEWNETRZNA
usemtl izolacja
v 27.7199000 1.6092000 2.2500000
v 27.7199000 1.8692000 2.2500000
v 28.0374000 1.8692000 2.2500000
v 28.0374000 2.1867000 2.2500000
v 28.2974000 2.1867000 2.2500000
v 28.2974000 1.6092000 2.2500000
v 27.7199000 1.6092000 2.3900000
v 27.7199000 1.8692000 2.3900000
v 28.0374000 1.8692000 2.3900000
v 28.0374000 2.1867000 2.3900000
v 28.2974000 2.1867000 2.3900000
v 28.2974000 1.6092000 2.3900000
f 2328 2329 2330
f 2327 2328 2330
f 2326 2327 2330
f 2325 2326 2330
f 2336 2335 2334
f 2336 2334 2333
f 2336 2333 2332
f 2336 2332 2331
f 2331 2332 2325
f 2325 2332 2326
f 2332 2333 2326
f 2326 2333 2327
f 2333 2334 2327
f 2327 2334 2328
f 2334 2335 2328
f 2328 2335 2329
f 2336 2331 2330
f 2330 2331 2325
f 2335 2336 2329
f 2329 2336 2330
o IZ_07_z_2250_2390_06
g 03_IZOLACJA_ZEWNETRZNA
usemtl izolacja
v 25.5200000 0.0000000 2.2500000
v 24.4075000 0.0000000 2.2500000
v 24.4075000 0.2600000 2.2500000
v 25.2600000 0.2600000 2.2500000
v 25.2600000 1.8692000 2.2500000
v 26.8549000 1.8692000 2.2500000
v 26.8549000 1.6092000 2.2500000
v 25.5200000 1.6092000 2.2500000
v 25.5200000 0.0000000 2.3900000
v 24.4075000 0.0000000 2.3900000
v 24.4075000 0.2600000 2.3900000
v 25.2600000 0.2600000 2.3900000
v 25.2600000 1.8692000 2.3900000
v 26.8549000 1.8692000 2.3900000
v 26.8549000 1.6092000 2.3900000
v 25.5200000 1.6092000 2.3900000
f 2342 2343 2344
f 2341 2342 2344
f 2340 2341 2344
f 2338 2339 2340
f 2337 2338 2340
f 2344 2337 2340
f 2352 2351 2350
f 2352 2350 2349
f 2352 2349 2348
f 2348 2347 2346
f 2348 2346 2345
f 2348 2345 2352
f 2345 2346 2337
f 2337 2346 2338
f 2346 2347 2338
f 2338 2347 2339
f 2347 2348 2339
f 2339 2348 2340
f 2348 2349 2340
f 2340 2349 2341
f 2349 2350 2341
f 2341 2350 2342
f 2350 2351 2342
f 2342 2351 2343
f 2352 2345 2344
f 2344 2345 2337
f 2351 2352 2343
f 2343 2352 2344
o IZ_07_z_2250_2390_07
g 03_IZOLACJA_ZEWNETRZNA
usemtl izolacja
v 21.3825000 0.2600000 2.2500000
v 22.6375000 0.2600000 2.2500000
v 22.6375000 0.0000000 2.2500000
v 21.3825000 0.0000000 2.2500000
v 21.3825000 0.2600000 2.3900000
v 22.6375000 0.2600000 2.3900000
v 22.6375000 0.0000000 2.3900000
v 21.3825000 0.0000000 2.3900000
f 2355 2356 2353
f 2354 2355 2353
f 2357 2360 2359
f 2357 2359 2358
f 2357 2358 2353
f 2353 2358 2354
f 2358 2359 2354
f 2354 2359 2355
f 2360 2357 2356
f 2356 2357 2353
f 2359 2360 2355
f 2355 2360 2356
o IZ_07_z_2250_2390_08
g 03_IZOLACJA_ZEWNETRZNA
usemtl izolacja
v 18.5000000 2.4000000 2.2500000
v 10.5700000 2.4000000 2.2500000
v 10.5700000 0.0000000 2.2500000
v 9.3950000 0.0000000 2.2500000
v 9.3950000 0.2600000 2.2500000
v 10.3100000 0.2600000 2.2500000
v 10.3100000 2.6600000 2.2500000
v 18.7600000 2.6600000 2.2500000
v 18.7600000 0.2600000 2.2500000
v 19.6125000 0.2600000 2.2500000
v 19.6125000 0.0000000 2.2500000
v 18.5000000 0.0000000 2.2500000
v 18.5000000 2.4000000 2.3900000
v 10.5700000 2.4000000 2.3900000
v 10.5700000 0.0000000 2.3900000
v 9.3950000 0.0000000 2.3900000
v 9.3950000 0.2600000 2.3900000
v 10.3100000 0.2600000 2.3900000
v 10.3100000 2.6600000 2.3900000
v 18.7600000 2.6600000 2.3900000
v 18.7600000 0.2600000 2.3900000
v 19.6125000 0.2600000 2.3900000
v 19.6125000 0.0000000 2.3900000
v 18.5000000 0.0000000 2.3900000
f 2370 2371 2372
f 2369 2370 2372
f 2368 2369 2372
f 2364 2365 2366
f 2363 2364 2366
f 2362 2363 2366
f 2368 2372 2361
f 2367 2368 2361
f 2362 2366 2367
f 2361 2362 2367
f 2384 2383 2382
f 2384 2382 2381
f 2384 2381 2380
f 2378 2377 2376
f 2378 2376 2375
f 2378 2375 2374
f 2373 2384 2380
f 2373 2380 2379
f 2379 2378 2374
f 2379 2374 2373
f 2373 2374 2361
f 2361 2374 2362
f 2374 2375 2362
f 2362 2375 2363
f 2375 2376 2363
f 2363 2376 2364
f 2376 2377 2364
f 2364 2377 2365
f 2377 2378 2365
f 2365 2378 2366
f 2378 2379 2366
f 2366 2379 2367
f 2379 2380 2367
f 2367 2380 2368
f 2380 2381 2368
f 2368 2381 2369
f 2381 2382 2369
f 2369 2382 2370
f 2382 2383 2370
f 2370 2383 2371
f 2384 2373 2372
f 2372 2373 2361
f 2383 2384 2371
f 2371 2384 2372
o IZ_08_z_2390_2580_01
g 03_IZOLACJA_ZEWNETRZNA
usemtl izolacja
v 2.4000000 11.9200000 2.3900000
v 7.2700000 11.9200000 2.3900000
v 7.2700000 9.9200000 2.3900000
v 12.4000000 9.9200000 2.3900000
v 12.4000000 10.9200000 2.3900000
v 13.2824000 10.9200000 2.3900000
v 13.2824000 10.6600000 2.3900000
v 12.6600000 10.6600000 2.3900000
v 12.6600000 9.6600000 2.3900000
v 7.0100000 9.6600000 2.3900000
v 7.0100000 11.6600000 2.3900000
v 2.6600000 11.6600000 2.3900000
v 2.6600000 9.6600000 2.3900000
v 0.2600000 9.6600000 2.3900000
v 0.2600000 1.8692000 2.3900000
v 6.7100000 1.8692000 2.3900000
v 6.7100000 0.2600000 2.3900000
v 7.6250000 0.2600000 2.3900000
v 7.6250000 0.0000000 2.3900000
v 6.4500000 0.0000000 2.3900000
v 6.4500000 1.6092000 2.3900000
v 0.0000000 1.6092000 2.3900000
v 0.0000000 9.9200000 2.3900000
v 2.4000000 9.9200000 2.3900000
v 2.4000000 11.9200000 2.5800000
v 7.2700000 11.9200000 2.5800000
v 7.2700000 9.9200000 2.5800000
v 12.4000000 9.9200000 2.5800000
v 12.4000000 10.9200000 2.5800000
v 13.2824000 10.9200000 2.5800000
v 13.2824000 10.6600000 2.5800000
v 12.6600000 10.6600000 2.5800000
v 12.6600000 9.6600000 2.5800000
v 7.0100000 9.6600000 2.5800000
v 7.0100000 11.6600000 2.5800000
v 2.6600000 11.6600000 2.5800000
v 2.6600000 9.6600000 2.5800000
v 0.2600000 9.6600000 2.5800000
v 0.2600000 1.8692000 2.5800000
v 6.7100000 1.8692000 2.5800000
v 6.7100000 0.2600000 2.5800000
v 7.6250000 0.2600000 2.5800000
v 7.6250000 0.0000000 2.5800000
v 6.4500000 0.0000000 2.5800000
v 6.4500000 1.6092000 2.5800000
v 0.0000000 1.6092000 2.5800000
v 0.0000000 9.9200000 2.5800000
v 2.4000000 9.9200000 2.5800000
f 2402 2403 2404
f 2401 2402 2404
f 2400 2401 2404
f 2390 2391 2392
f 2389 2390 2392
f 2388 2389 2392
f 2400 2404 2405
f 2399 2400 2405
f 2388 2392 2393
f 2387 2388 2393
f 2399 2405 2406
f 2398 2399 2406
f 2387 2393 2394
f 2386 2387 2394
f 2398 2406 2407
f 2397 2398 2407
f 2386 2394 2395
f 2385 2386 2395
f 2397 2407 2408
f 2396 2397 2408
f 2385 2395 2396
f 2408 2385 2396
f 2428 2427 2426
f 2428 2426 2425
f 2428 2425 2424
f 2416 2415 2414
f 2416 2414 2413
f 2416 2413 2412
f 2429 2428 2424
f 2429 2424 2423
f 2417 2416 2412
f 2417 2412 2411
f 2430 2429 2423
f 2430 2423 2422
f 2418 2417 2411
f 2418 2411 2410
f 2431 2430 2422
f 2431 2422 2421
f 2419 2418 2410
f 2419 2410 2409
f 2432 2431 2421
f 2432 2421 2420
f 2420 2419 2409
f 2420 2409 2432
f 2409 2410 2385
f 2385 2410 2386
f 2410 2411 2386
f 2386 2411 2387
f 2411 2412 2387
f 2387 2412 2388
f 2412 2413 2388
f 2388 2413 2389
f 2413 2414 2389
f 2389 2414 2390
f 2414 2415 2390
f 2390 2415 2391
f 2415 2416 2391
f 2391 2416 2392
f 2416 2417 2392
f 2392 2417 2393
f 2417 2418 2393
f 2393 2418 2394
f 2418 2419 2394
f 2394 2419 2395
f 2419 2420 2395
f 2395 2420 2396
f 2420 2421 2396
f 2396 2421 2397
f 2421 2422 2397
f 2397 2422 2398
f 2422 2423 2398
f 2398 2423 2399
f 2423 2424 2399
f 2399 2424 2400
f 2424 2425 2400
f 2400 2425 2401
f 2425 2426 2401
f 2401 2426 2402
f 2426 2427 2402
f 2402 2427 2403
f 2427 2428 2403
f 2403 2428 2404
f 2428 2429 2404
f 2404 2429 2405
f 2429 2430 2405
f 2405 2430 2406
f 2430 2431 2406
f 2406 2431 2407
f 2432 2409 2408
f 2408 2409 2385
f 2431 2432 2407
f 2407 2432 2408
o IZ_08_z_2390_2580_02
g 03_IZOLACJA_ZEWNETRZNA
usemtl izolacja
v 27.9971000 10.2246000 2.3900000
v 27.7371000 10.2246000 2.3900000
v 27.7371000 10.6600000 2.3900000
v 19.8374000 10.6600000 2.3900000
v 19.8374000 10.9200000 2.3900000
v 27.9971000 10.9200000 2.3900000
v 27.9971000 10.2246000 2.5800000
v 27.7371000 10.2246000 2.5800000
v 27.7371000 10.6600000 2.5800000
v 19.8374000 10.6600000 2.5800000
v 19.8374000 10.9200000 2.5800000
v 27.9971000 10.9200000 2.5800000
f 2436 2437 2438
f 2435 2436 2438
f 2434 2435 2438
f 2433 2434 2438
f 2444 2443 2442
f 2444 2442 2441
f 2444 2441 2440
f 2444 2440 2439
f 2439 2440 2433
f 2433 2440 2434
f 2440 2441 2434
f 2434 2441 2435
f 2441 2442 2435
f 2435 2442 2436
f 2442 2443 2436
f 2436 2443 2437
f 2444 2439 2438
f 2438 2439 2433
f 2443 2444 2437
f 2437 2444 2438
o IZ_08_z_2390_2580_03
g 03_IZOLACJA_ZEWNETRZNA
usemtl izolacja
v 28.2974000 6.9792000 2.3900000
v 28.2974000 3.0517000 2.3900000
v 28.0374000 3.0517000 2.3900000
v 28.0374000 6.7192000 2.3900000
v 27.7371000 6.7192000 2.3900000
v 27.7371000 7.1546000 2.3900000
v 27.9971000 7.1546000 2.3900000
v 27.9971000 6.9792000 2.3900000
v 28.2974000 6.9792000 2.5800000
v 28.2974000 3.0517000 2.5800000
v 28.0374000 3.0517000 2.5800000
v 28.0374000 6.7192000 2.5800000
v 27.7371000 6.7192000 2.5800000
v 27.7371000 7.1546000 2.5800000
v 27.9971000 7.1546000 2.5800000
v 27.9971000 6.9792000 2.5800000
f 2450 2451 2452
f 2449 2450 2452
f 2448 2449 2452
f 2446 2447 2448
f 2445 2446 2448
f 2452 2445 2448
f 2460 2459 2458
f 2460 2458 2457
f 2460 2457 2456
f 2456 2455 2454
f 2456 2454 2453
f 2456 2453 2460
f 2453 2454 2445
f 2445 2454 2446
f 2454 2455 2446
f 2446 2455 2447
f 2455 2456 2447
f 2447 2456 2448
f 2456 2457 2448
f 2448 2457 2449
f 2457 2458 2449
f 2449 2458 2450
f 2458 2459 2450
f 2450 2459 2451
f 2460 2453 2452
f 2452 2453 2445
f 2459 2460 2451
f 2451 2460 2452
o IZ_08_z_2390_2580_04
g 03_IZOLACJA_ZEWNETRZNA
usemtl izolacja
v 27.7199000 1.6092000 2.3900000
v 27.7199000 1.8692000 2.3900000
v 28.0374000 1.8692000 2.3900000
v 28.0374000 2.1867000 2.3900000
v 28.2974000 2.1867000 2.3900000
v 28.2974000 1.6092000 2.3900000
v 27.7199000 1.6092000 2.5800000
v 27.7199000 1.8692000 2.5800000
v 28.0374000 1.8692000 2.5800000
v 28.0374000 2.1867000 2.5800000
v 28.2974000 2.1867000 2.5800000
v 28.2974000 1.6092000 2.5800000
f 2464 2465 2466
f 2463 2464 2466
f 2462 2463 2466
f 2461 2462 2466
f 2472 2471 2470
f 2472 2470 2469
f 2472 2469 2468
f 2472 2468 2467
f 2467 2468 2461
f 2461 2468 2462
f 2468 2469 2462
f 2462 2469 2463
f 2469 2470 2463
f 2463 2470 2464
f 2470 2471 2464
f 2464 2471 2465
f 2472 2467 2466
f 2466 2467 2461
f 2471 2472 2465
f 2465 2472 2466
o IZ_08_z_2390_2580_05
g 03_IZOLACJA_ZEWNETRZNA
usemtl izolacja
v 25.5200000 0.0000000 2.3900000
v 24.4075000 0.0000000 2.3900000
v 24.4075000 0.2600000 2.3900000
v 25.2600000 0.2600000 2.3900000
v 25.2600000 1.8692000 2.3900000
v 26.8549000 1.8692000 2.3900000
v 26.8549000 1.6092000 2.3900000
v 25.5200000 1.6092000 2.3900000
v 25.5200000 0.0000000 2.5800000
v 24.4075000 0.0000000 2.5800000
v 24.4075000 0.2600000 2.5800000
v 25.2600000 0.2600000 2.5800000
v 25.2600000 1.8692000 2.5800000
v 26.8549000 1.8692000 2.5800000
v 26.8549000 1.6092000 2.5800000
v 25.5200000 1.6092000 2.5800000
f 2478 2479 2480
f 2477 2478 2480
f 2476 2477 2480
f 2474 2475 2476
f 2473 2474 2476
f 2480 2473 2476
f 2488 2487 2486
f 2488 2486 2485
f 2488 2485 2484
f 2484 2483 2482
f 2484 2482 2481
f 2484 2481 2488
f 2481 2482 2473
f 2473 2482 2474
f 2482 2483 2474
f 2474 2483 2475
f 2483 2484 2475
f 2475 2484 2476
f 2484 2485 2476
f 2476 2485 2477
f 2485 2486 2477
f 2477 2486 2478
f 2486 2487 2478
f 2478 2487 2479
f 2488 2481 2480
f 2480 2481 2473
f 2487 2488 2479
f 2479 2488 2480
o IZ_08_z_2390_2580_06
g 03_IZOLACJA_ZEWNETRZNA
usemtl izolacja
v 21.3825000 0.2600000 2.3900000
v 22.6375000 0.2600000 2.3900000
v 22.6375000 0.0000000 2.3900000
v 21.3825000 0.0000000 2.3900000
v 21.3825000 0.2600000 2.5800000
v 22.6375000 0.2600000 2.5800000
v 22.6375000 0.0000000 2.5800000
v 21.3825000 0.0000000 2.5800000
f 2491 2492 2489
f 2490 2491 2489
f 2493 2496 2495
f 2493 2495 2494
f 2493 2494 2489
f 2489 2494 2490
f 2494 2495 2490
f 2490 2495 2491
f 2496 2493 2492
f 2492 2493 2489
f 2495 2496 2491
f 2491 2496 2492
o IZ_08_z_2390_2580_07
g 03_IZOLACJA_ZEWNETRZNA
usemtl izolacja
v 18.5000000 2.4000000 2.3900000
v 10.5700000 2.4000000 2.3900000
v 10.5700000 0.0000000 2.3900000
v 9.3950000 0.0000000 2.3900000
v 9.3950000 0.2600000 2.3900000
v 10.3100000 0.2600000 2.3900000
v 10.3100000 2.6600000 2.3900000
v 18.7600000 2.6600000 2.3900000
v 18.7600000 0.2600000 2.3900000
v 19.6125000 0.2600000 2.3900000
v 19.6125000 0.0000000 2.3900000
v 18.5000000 0.0000000 2.3900000
v 18.5000000 2.4000000 2.5800000
v 10.5700000 2.4000000 2.5800000
v 10.5700000 0.0000000 2.5800000
v 9.3950000 0.0000000 2.5800000
v 9.3950000 0.2600000 2.5800000
v 10.3100000 0.2600000 2.5800000
v 10.3100000 2.6600000 2.5800000
v 18.7600000 2.6600000 2.5800000
v 18.7600000 0.2600000 2.5800000
v 19.6125000 0.2600000 2.5800000
v 19.6125000 0.0000000 2.5800000
v 18.5000000 0.0000000 2.5800000
f 2506 2507 2508
f 2505 2506 2508
f 2504 2505 2508
f 2500 2501 2502
f 2499 2500 2502
f 2498 2499 2502
f 2504 2508 2497
f 2503 2504 2497
f 2498 2502 2503
f 2497 2498 2503
f 2520 2519 2518
f 2520 2518 2517
f 2520 2517 2516
f 2514 2513 2512
f 2514 2512 2511
f 2514 2511 2510
f 2509 2520 2516
f 2509 2516 2515
f 2515 2514 2510
f 2515 2510 2509
f 2509 2510 2497
f 2497 2510 2498
f 2510 2511 2498
f 2498 2511 2499
f 2511 2512 2499
f 2499 2512 2500
f 2512 2513 2500
f 2500 2513 2501
f 2513 2514 2501
f 2501 2514 2502
f 2514 2515 2502
f 2502 2515 2503
f 2515 2516 2503
f 2503 2516 2504
f 2516 2517 2504
f 2504 2517 2505
f 2517 2518 2505
f 2505 2518 2506
f 2518 2519 2506
f 2506 2519 2507
f 2520 2509 2508
f 2508 2509 2497
f 2519 2520 2507
f 2507 2520 2508
o IZ_09_z_2580_2590_01
g 03_IZOLACJA_ZEWNETRZNA
usemtl izolacja
v 2.4000000 11.9200000 2.5800000
v 7.2700000 11.9200000 2.5800000
v 7.2700000 9.9200000 2.5800000
v 12.4000000 9.9200000 2.5800000
v 12.4000000 10.9200000 2.5800000
v 13.2824000 10.9200000 2.5800000
v 13.2824000 10.6600000 2.5800000
v 12.6600000 10.6600000 2.5800000
v 12.6600000 9.6600000 2.5800000
v 7.0100000 9.6600000 2.5800000
v 7.0100000 11.6600000 2.5800000
v 2.6600000 11.6600000 2.5800000
v 2.6600000 9.6600000 2.5800000
v 0.2600000 9.6600000 2.5800000
v 0.2600000 1.8692000 2.5800000
v 6.7100000 1.8692000 2.5800000
v 6.7100000 0.2600000 2.5800000
v 7.6250000 0.2600000 2.5800000
v 7.6250000 0.0000000 2.5800000
v 6.4500000 0.0000000 2.5800000
v 6.4500000 1.6092000 2.5800000
v 0.0000000 1.6092000 2.5800000
v 0.0000000 9.9200000 2.5800000
v 2.4000000 9.9200000 2.5800000
v 2.4000000 11.9200000 2.5900000
v 7.2700000 11.9200000 2.5900000
v 7.2700000 9.9200000 2.5900000
v 12.4000000 9.9200000 2.5900000
v 12.4000000 10.9200000 2.5900000
v 13.2824000 10.9200000 2.5900000
v 13.2824000 10.6600000 2.5900000
v 12.6600000 10.6600000 2.5900000
v 12.6600000 9.6600000 2.5900000
v 7.0100000 9.6600000 2.5900000
v 7.0100000 11.6600000 2.5900000
v 2.6600000 11.6600000 2.5900000
v 2.6600000 9.6600000 2.5900000
v 0.2600000 9.6600000 2.5900000
v 0.2600000 1.8692000 2.5900000
v 6.7100000 1.8692000 2.5900000
v 6.7100000 0.2600000 2.5900000
v 7.6250000 0.2600000 2.5900000
v 7.6250000 0.0000000 2.5900000
v 6.4500000 0.0000000 2.5900000
v 6.4500000 1.6092000 2.5900000
v 0.0000000 1.6092000 2.5900000
v 0.0000000 9.9200000 2.5900000
v 2.4000000 9.9200000 2.5900000
f 2538 2539 2540
f 2537 2538 2540
f 2536 2537 2540
f 2526 2527 2528
f 2525 2526 2528
f 2524 2525 2528
f 2536 2540 2541
f 2535 2536 2541
f 2524 2528 2529
f 2523 2524 2529
f 2535 2541 2542
f 2534 2535 2542
f 2523 2529 2530
f 2522 2523 2530
f 2534 2542 2543
f 2533 2534 2543
f 2522 2530 2531
f 2521 2522 2531
f 2533 2543 2544
f 2532 2533 2544
f 2521 2531 2532
f 2544 2521 2532
f 2564 2563 2562
f 2564 2562 2561
f 2564 2561 2560
f 2552 2551 2550
f 2552 2550 2549
f 2552 2549 2548
f 2565 2564 2560
f 2565 2560 2559
f 2553 2552 2548
f 2553 2548 2547
f 2566 2565 2559
f 2566 2559 2558
f 2554 2553 2547
f 2554 2547 2546
f 2567 2566 2558
f 2567 2558 2557
f 2555 2554 2546
f 2555 2546 2545
f 2568 2567 2557
f 2568 2557 2556
f 2556 2555 2545
f 2556 2545 2568
f 2545 2546 2521
f 2521 2546 2522
f 2546 2547 2522
f 2522 2547 2523
f 2547 2548 2523
f 2523 2548 2524
f 2548 2549 2524
f 2524 2549 2525
f 2549 2550 2525
f 2525 2550 2526
f 2550 2551 2526
f 2526 2551 2527
f 2551 2552 2527
f 2527 2552 2528
f 2552 2553 2528
f 2528 2553 2529
f 2553 2554 2529
f 2529 2554 2530
f 2554 2555 2530
f 2530 2555 2531
f 2555 2556 2531
f 2531 2556 2532
f 2556 2557 2532
f 2532 2557 2533
f 2557 2558 2533
f 2533 2558 2534
f 2558 2559 2534
f 2534 2559 2535
f 2559 2560 2535
f 2535 2560 2536
f 2560 2561 2536
f 2536 2561 2537
f 2561 2562 2537
f 2537 2562 2538
f 2562 2563 2538
f 2538 2563 2539
f 2563 2564 2539
f 2539 2564 2540
f 2564 2565 2540
f 2540 2565 2541
f 2565 2566 2541
f 2541 2566 2542
f 2566 2567 2542
f 2542 2567 2543
f 2568 2545 2544
f 2544 2545 2521
f 2567 2568 2543
f 2543 2568 2544
o IZ_09_z_2580_2590_02
g 03_IZOLACJA_ZEWNETRZNA
usemtl izolacja
v 27.9971000 10.2246000 2.5800000
v 27.7371000 10.2246000 2.5800000
v 27.7371000 10.6600000 2.5800000
v 19.8374000 10.6600000 2.5800000
v 19.8374000 10.9200000 2.5800000
v 27.9971000 10.9200000 2.5800000
v 27.9971000 10.2246000 2.5900000
v 27.7371000 10.2246000 2.5900000
v 27.7371000 10.6600000 2.5900000
v 19.8374000 10.6600000 2.5900000
v 19.8374000 10.9200000 2.5900000
v 27.9971000 10.9200000 2.5900000
f 2572 2573 2574
f 2571 2572 2574
f 2570 2571 2574
f 2569 2570 2574
f 2580 2579 2578
f 2580 2578 2577
f 2580 2577 2576
f 2580 2576 2575
f 2575 2576 2569
f 2569 2576 2570
f 2576 2577 2570
f 2570 2577 2571
f 2577 2578 2571
f 2571 2578 2572
f 2578 2579 2572
f 2572 2579 2573
f 2580 2575 2574
f 2574 2575 2569
f 2579 2580 2573
f 2573 2580 2574
o IZ_09_z_2580_2590_03
g 03_IZOLACJA_ZEWNETRZNA
usemtl izolacja
v 28.2974000 6.9792000 2.5800000
v 28.2974000 1.6092000 2.5800000
v 25.5200000 1.6092000 2.5800000
v 25.5200000 0.0000000 2.5800000
v 24.4075000 0.0000000 2.5800000
v 24.4075000 0.2600000 2.5800000
v 25.2600000 0.2600000 2.5800000
v 25.2600000 1.8692000 2.5800000
v 28.0374000 1.8692000 2.5800000
v 28.0374000 6.7192000 2.5800000
v 27.7371000 6.7192000 2.5800000
v 27.7371000 7.1546000 2.5800000
v 27.9971000 7.1546000 2.5800000
v 27.9971000 6.9792000 2.5800000
v 28.2974000 6.9792000 2.5900000
v 28.2974000 1.6092000 2.5900000
v 25.5200000 1.6092000 2.5900000
v 25.5200000 0.0000000 2.5900000
v 24.4075000 0.0000000 2.5900000
v 24.4075000 0.2600000 2.5900000
v 25.2600000 0.2600000 2.5900000
v 25.2600000 1.8692000 2.5900000
v 28.0374000 1.8692000 2.5900000
v 28.0374000 6.7192000 2.5900000
v 27.7371000 6.7192000 2.5900000
v 27.7371000 7.1546000 2.5900000
v 27.9971000 7.1546000 2.5900000
v 27.9971000 6.9792000 2.5900000
f 2592 2593 2594
f 2591 2592 2594
f 2590 2591 2594
f 2585 2586 2587
f 2584 2585 2587
f 2583 2584 2587
f 2590 2594 2581
f 2589 2590 2581
f 2583 2587 2588
f 2582 2583 2588
f 2589 2581 2582
f 2588 2589 2582
f 2608 2607 2606
f 2608 2606 2605
f 2608 2605 2604
f 2601 2600 2599
f 2601 2599 2598
f 2601 2598 2597
f 2595 2608 2604
f 2595 2604 2603
f 2602 2601 2597
f 2602 2597 2596
f 2596 2595 2603
f 2596 2603 2602
f 2595 2596 2581
f 2581 2596 2582
f 2596 2597 2582
f 2582 2597 2583
f 2597 2598 2583
f 2583 2598 2584
f 2598 2599 2584
f 2584 2599 2585
f 2599 2600 2585
f 2585 2600 2586
f 2600 2601 2586
f 2586 2601 2587
f 2601 2602 2587
f 2587 2602 2588
f 2602 2603 2588
f 2588 2603 2589
f 2603 2604 2589
f 2589 2604 2590
f 2604 2605 2590
f 2590 2605 2591
f 2605 2606 2591
f 2591 2606 2592
f 2606 2607 2592
f 2592 2607 2593
f 2608 2595 2594
f 2594 2595 2581
f 2607 2608 2593
f 2593 2608 2594
o IZ_09_z_2580_2590_04
g 03_IZOLACJA_ZEWNETRZNA
usemtl izolacja
v 21.3825000 0.2600000 2.5800000
v 22.6375000 0.2600000 2.5800000
v 22.6375000 0.0000000 2.5800000
v 21.3825000 0.0000000 2.5800000
v 21.3825000 0.2600000 2.5900000
v 22.6375000 0.2600000 2.5900000
v 22.6375000 0.0000000 2.5900000
v 21.3825000 0.0000000 2.5900000
f 2611 2612 2609
f 2610 2611 2609
f 2613 2616 2615
f 2613 2615 2614
f 2613 2614 2609
f 2609 2614 2610
f 2614 2615 2610
f 2610 2615 2611
f 2616 2613 2612
f 2612 2613 2609
f 2615 2616 2611
f 2611 2616 2612
o IZ_09_z_2580_2590_05
g 03_IZOLACJA_ZEWNETRZNA
usemtl izolacja
v 18.5000000 2.4000000 2.5800000
v 10.5700000 2.4000000 2.5800000
v 10.5700000 0.0000000 2.5800000
v 9.3950000 0.0000000 2.5800000
v 9.3950000 0.2600000 2.5800000
v 10.3100000 0.2600000 2.5800000
v 10.3100000 2.6600000 2.5800000
v 18.7600000 2.6600000 2.5800000
v 18.7600000 0.2600000 2.5800000
v 19.6125000 0.2600000 2.5800000
v 19.6125000 0.0000000 2.5800000
v 18.5000000 0.0000000 2.5800000
v 18.5000000 2.4000000 2.5900000
v 10.5700000 2.4000000 2.5900000
v 10.5700000 0.0000000 2.5900000
v 9.3950000 0.0000000 2.5900000
v 9.3950000 0.2600000 2.5900000
v 10.3100000 0.2600000 2.5900000
v 10.3100000 2.6600000 2.5900000
v 18.7600000 2.6600000 2.5900000
v 18.7600000 0.2600000 2.5900000
v 19.6125000 0.2600000 2.5900000
v 19.6125000 0.0000000 2.5900000
v 18.5000000 0.0000000 2.5900000
f 2626 2627 2628
f 2625 2626 2628
f 2624 2625 2628
f 2620 2621 2622
f 2619 2620 2622
f 2618 2619 2622
f 2624 2628 2617
f 2623 2624 2617
f 2618 2622 2623
f 2617 2618 2623
f 2640 2639 2638
f 2640 2638 2637
f 2640 2637 2636
f 2634 2633 2632
f 2634 2632 2631
f 2634 2631 2630
f 2629 2640 2636
f 2629 2636 2635
f 2635 2634 2630
f 2635 2630 2629
f 2629 2630 2617
f 2617 2630 2618
f 2630 2631 2618
f 2618 2631 2619
f 2631 2632 2619
f 2619 2632 2620
f 2632 2633 2620
f 2620 2633 2621
f 2633 2634 2621
f 2621 2634 2622
f 2634 2635 2622
f 2622 2635 2623
f 2635 2636 2623
f 2623 2636 2624
f 2636 2637 2624
f 2624 2637 2625
f 2637 2638 2625
f 2625 2638 2626
f 2638 2639 2626
f 2626 2639 2627
f 2640 2629 2628
f 2628 2629 2617
f 2639 2640 2627
f 2627 2640 2628
o IZ_10_z_2590_2630_01
g 03_IZOLACJA_ZEWNETRZNA
usemtl izolacja
v 2.4000000 11.9200000 2.5900000
v 7.2700000 11.9200000 2.5900000
v 7.2700000 9.9200000 2.5900000
v 12.4000000 9.9200000 2.5900000
v 12.4000000 10.9200000 2.5900000
v 13.2824000 10.9200000 2.5900000
v 13.2824000 10.6600000 2.5900000
v 12.6600000 10.6600000 2.5900000
v 12.6600000 9.6600000 2.5900000
v 7.0100000 9.6600000 2.5900000
v 7.0100000 11.6600000 2.5900000
v 2.6600000 11.6600000 2.5900000
v 2.6600000 9.6600000 2.5900000
v 0.2600000 9.6600000 2.5900000
v 0.2600000 1.8692000 2.5900000
v 6.7100000 1.8692000 2.5900000
v 6.7100000 0.2600000 2.5900000
v 10.3100000 0.2600000 2.5900000
v 10.3100000 2.6600000 2.5900000
v 18.7600000 2.6600000 2.5900000
v 18.7600000 0.2600000 2.5900000
v 25.2600000 0.2600000 2.5900000
v 25.2600000 1.8692000 2.5900000
v 28.0374000 1.8692000 2.5900000
v 28.0374000 6.7192000 2.5900000
v 27.7371000 6.7192000 2.5900000
v 27.7371000 7.1546000 2.5900000
v 27.9971000 7.1546000 2.5900000
v 27.9971000 6.9792000 2.5900000
v 28.2974000 6.9792000 2.5900000
v 28.2974000 1.6092000 2.5900000
v 25.5200000 1.6092000 2.5900000
v 25.5200000 0.0000000 2.5900000
v 18.5000000 0.0000000 2.5900000
v 18.5000000 2.4000000 2.5900000
v 10.5700000 2.4000000 2.5900000
v 10.5700000 0.0000000 2.5900000
v 6.4500000 0.0000000 2.5900000
v 6.4500000 1.6092000 2.5900000
v 0.0000000 1.6092000 2.5900000
v 0.0000000 9.9200000 2.5900000
v 2.4000000 9.9200000 2.5900000
v 2.4000000 11.9200000 2.6300000
v 7.2700000 11.9200000 2.6300000
v 7.2700000 9.9200000 2.6300000
v 12.4000000 9.9200000 2.6300000
v 12.4000000 10.9200000 2.6300000
v 13.2824000 10.9200000 2.6300000
v 13.2824000 10.6600000 2.6300000
v 12.6600000 10.6600000 2.6300000
v 12.6600000 9.6600000 2.6300000
v 7.0100000 9.6600000 2.6300000
v 7.0100000 11.6600000 2.6300000
v 2.6600000 11.6600000 2.6300000
v 2.6600000 9.6600000 2.6300000
v 0.2600000 9.6600000 2.6300000
v 0.2600000 1.8692000 2.6300000
v 6.7100000 1.8692000 2.6300000
v 6.7100000 0.2600000 2.6300000
v 10.3100000 0.2600000 2.6300000
v 10.3100000 2.6600000 2.6300000
v 18.7600000 2.6600000 2.6300000
v 18.7600000 0.2600000 2.6300000
v 25.2600000 0.2600000 2.6300000
v 25.2600000 1.8692000 2.6300000
v 28.0374000 1.8692000 2.6300000
v 28.0374000 6.7192000 2.6300000
v 27.7371000 6.7192000 2.6300000
v 27.7371000 7.1546000 2.6300000
v 27.9971000 7.1546000 2.6300000
v 27.9971000 6.9792000 2.6300000
v 28.2974000 6.9792000 2.6300000
v 28.2974000 1.6092000 2.6300000
v 25.5200000 1.6092000 2.6300000
v 25.5200000 0.0000000 2.6300000
v 18.5000000 0.0000000 2.6300000
v 18.5000000 2.4000000 2.6300000
v 10.5700000 2.4000000 2.6300000
v 10.5700000 0.0000000 2.6300000
v 6.4500000 0.0000000 2.6300000
v 6.4500000 1.6092000 2.6300000
v 0.0000000 1.6092000 2.6300000
v 0.0000000 9.9200000 2.6300000
v 2.4000000 9.9200000 2.6300000
f 2667 2668 2669
f 2666 2667 2669
f 2665 2666 2669
f 2646 2647 2648
f 2645 2646 2648
f 2644 2645 2648
f 2665 2669 2670
f 2664 2665 2670
f 2644 2648 2649
f 2643 2644 2649
f 2664 2670 2671
f 2663 2664 2671
f 2643 2649 2650
f 2642 2643 2650
f 2663 2671 2672
f 2662 2663 2672
f 2642 2650 2651
f 2641 2642 2651
f 2662 2672 2673
f 2661 2662 2673
f 2641 2651 2652
f 2682 2641 2652
f 2661 2673 2674
f 2660 2661 2674
f 2682 2652 2653
f 2681 2682 2653
f 2660 2674 2675
f 2659 2660 2675
f 2681 2653 2654
f 2680 2681 2654
f 2659 2675 2676
f 2658 2659 2676
f 2680 2654 2655
f 2679 2680 2655
f 2658 2676 2677
f 2657 2658 2677
f 2679 2655 2656
f 2678 2679 2656
f 2657 2677 2678
f 2656 2657 2678
f 2711 2710 2709
f 2711 2709 2708
f 2711 2708 2707
f 2690 2689 2688
f 2690 2688 2687
f 2690 2687 2686
f 2712 2711 2707
f 2712 2707 2706
f 2691 2690 2686
f 2691 2686 2685
f 2713 2712 2706
f 2713 2706 2705
f 2692 2691 2685
f 2692 2685 2684
f 2714 2713 2705
f 2714 2705 2704
f 2693 2692 2684
f 2693 2684 2683
f 2715 2714 2704
f 2715 2704 2703
f 2694 2693 2683
f 2694 2683 2724
f 2716 2715 2703
f 2716 2703 2702
f 2695 2694 2724
f 2695 2724 2723
f 2717 2716 2702
f 2717 2702 2701
f 2696 2695 2723
f 2696 2723 2722
f 2718 2717 2701
f 2718 2701 2700
f 2697 2696 2722
f 2697 2722 2721
f 2719 2718 2700
f 2719 2700 2699
f 2698 2697 2721
f 2698 2721 2720
f 2720 2719 2699
f 2720 2699 2698
f 2683 2684 2641
f 2641 2684 2642
f 2684 2685 2642
f 2642 2685 2643
f 2685 2686 2643
f 2643 2686 2644
f 2686 2687 2644
f 2644 2687 2645
f 2687 2688 2645
f 2645 2688 2646
f 2688 2689 2646
f 2646 2689 2647
f 2689 2690 2647
f 2647 2690 2648
f 2690 2691 2648
f 2648 2691 2649
f 2691 2692 2649
f 2649 2692 2650
f 2692 2693 2650
f 2650 2693 2651
f 2693 2694 2651
f 2651 2694 2652
f 2694 2695 2652
f 2652 2695 2653
f 2695 2696 2653
f 2653 2696 2654
f 2696 2697 2654
f 2654 2697 2655
f 2697 2698 2655
f 2655 2698 2656
f 2698 2699 2656
f 2656 2699 2657
f 2699 2700 2657
f 2657 2700 2658
f 2700 2701 2658
f 2658 2701 2659
f 2701 2702 2659
f 2659 2702 2660
f 2702 2703 2660
f 2660 2703 2661
f 2703 2704 2661
f 2661 2704 2662
f 2704 2705 2662
f 2662 2705 2663
f 2705 2706 2663
f 2663 2706 2664
f 2706 2707 2664
f 2664 2707 2665
f 2707 2708 2665
f 2665 2708 2666
f 2708 2709 2666
f 2666 2709 2667
f 2709 2710 2667
f 2667 2710 2668
f 2710 2711 2668
f 2668 2711 2669
f 2711 2712 2669
f 2669 2712 2670
f 2712 2713 2670
f 2670 2713 2671
f 2713 2714 2671
f 2671 2714 2672
f 2714 2715 2672
f 2672 2715 2673
f 2715 2716 2673
f 2673 2716 2674
f 2716 2717 2674
f 2674 2717 2675
f 2717 2718 2675
f 2675 2718 2676
f 2718 2719 2676
f 2676 2719 2677
f 2719 2720 2677
f 2677 2720 2678
f 2720 2721 2678
f 2678 2721 2679
f 2721 2722 2679
f 2679 2722 2680
f 2722 2723 2680
f 2680 2723 2681
f 2724 2683 2682
f 2682 2683 2641
f 2723 2724 2681
f 2681 2724 2682
o IZ_10_z_2590_2630_02
g 03_IZOLACJA_ZEWNETRZNA
usemtl izolacja
v 27.9971000 10.2246000 2.5900000
v 27.7371000 10.2246000 2.5900000
v 27.7371000 10.6600000 2.5900000
v 19.8374000 10.6600000 2.5900000
v 19.8374000 10.9200000 2.5900000
v 27.9971000 10.9200000 2.5900000
v 27.9971000 10.2246000 2.6300000
v 27.7371000 10.2246000 2.6300000
v 27.7371000 10.6600000 2.6300000
v 19.8374000 10.6600000 2.6300000
v 19.8374000 10.9200000 2.6300000
v 27.9971000 10.9200000 2.6300000
f 2728 2729 2730
f 2727 2728 2730
f 2726 2727 2730
f 2725 2726 2730
f 2736 2735 2734
f 2736 2734 2733
f 2736 2733 2732
f 2736 2732 2731
f 2731 2732 2725
f 2725 2732 2726
f 2732 2733 2726
f 2726 2733 2727
f 2733 2734 2727
f 2727 2734 2728
f 2734 2735 2728
f 2728 2735 2729
f 2736 2731 2730
f 2730 2731 2725
f 2735 2736 2729
f 2729 2736 2730
o IZ_11_z_2630_3100
g 03_IZOLACJA_ZEWNETRZNA
usemtl izolacja
v 2.4000000 11.9200000 2.6300000
v 7.2700000 11.9200000 2.6300000
v 7.2700000 9.9200000 2.6300000
v 12.4000000 9.9200000 2.6300000
v 12.4000000 10.9200000 2.6300000
v 27.9971000 10.9200000 2.6300000
v 27.9971000 6.9792000 2.6300000
v 28.2974000 6.9792000 2.6300000
v 28.2974000 1.6092000 2.6300000
v 25.5200000 1.6092000 2.6300000
v 25.5200000 0.0000000 2.6300000
v 18.5000000 0.0000000 2.6300000
v 18.5000000 2.4000000 2.6300000
v 10.5700000 2.4000000 2.6300000
v 10.5700000 0.0000000 2.6300000
v 6.4500000 0.0000000 2.6300000
v 6.4500000 1.6092000 2.6300000
v 0.0000000 1.6092000 2.6300000
v 0.0000000 9.9200000 2.6300000
v 2.4000000 9.9200000 2.6300000
v 10.3100000 0.2600000 2.6300000
v 10.3100000 2.6600000 2.6300000
v 18.7600000 2.6600000 2.6300000
v 18.7600000 0.2600000 2.6300000
v 25.2600000 0.2600000 2.6300000
v 25.2600000 1.8692000 2.6300000
v 28.0374000 1.8692000 2.6300000
v 28.0374000 6.7192000 2.6300000
v 27.7371000 6.7192000 2.6300000
v 27.7371000 10.6600000 2.6300000
v 12.6600000 10.6600000 2.6300000
v 12.6600000 9.6600000 2.6300000
v 7.0100000 9.6600000 2.6300000
v 7.0100000 11.6600000 2.6300000
v 2.6600000 11.6600000 2.6300000
v 2.6600000 9.6600000 2.6300000
v 0.2600000 9.6600000 2.6300000
v 0.2600000 1.8692000 2.6300000
v 6.7100000 1.8692000 2.6300000
v 6.7100000 0.2600000 2.6300000
v 2.4000000 11.9200000 3.1000000
v 7.2700000 11.9200000 3.1000000
v 7.2700000 9.9200000 3.1000000
v 12.4000000 9.9200000 3.1000000
v 12.4000000 10.9200000 3.1000000
v 27.9971000 10.9200000 3.1000000
v 27.9971000 6.9792000 3.1000000
v 28.2974000 6.9792000 3.1000000
v 28.2974000 1.6092000 3.1000000
v 25.5200000 1.6092000 3.1000000
v 25.5200000 0.0000000 3.1000000
v 18.5000000 0.0000000 3.1000000
v 18.5000000 2.4000000 3.1000000
v 10.5700000 2.4000000 3.1000000
v 10.5700000 0.0000000 3.1000000
v 6.4500000 0.0000000 3.1000000
v 6.4500000 1.6092000 3.1000000
v 0.0000000 1.6092000 3.1000000
v 0.0000000 9.9200000 3.1000000
v 2.4000000 9.9200000 3.1000000
v 10.3100000 0.2600000 3.1000000
v 10.3100000 2.6600000 3.1000000
v 18.7600000 2.6600000 3.1000000
v 18.7600000 0.2600000 3.1000000
v 25.2600000 0.2600000 3.1000000
v 25.2600000 1.8692000 3.1000000
v 28.0374000 1.8692000 3.1000000
v 28.0374000 6.7192000 3.1000000
v 27.7371000 6.7192000 3.1000000
v 27.7371000 10.6600000 3.1000000
v 12.6600000 10.6600000 3.1000000
v 12.6600000 9.6600000 3.1000000
v 7.0100000 9.6600000 3.1000000
v 7.0100000 11.6600000 3.1000000
v 2.6600000 11.6600000 3.1000000
v 2.6600000 9.6600000 3.1000000
v 0.2600000 9.6600000 3.1000000
v 0.2600000 1.8692000 3.1000000
v 6.7100000 1.8692000 3.1000000
v 6.7100000 0.2600000 3.1000000
f 2773 2774 2754
f 2754 2774 2775
f 2753 2754 2775
f 2752 2753 2775
f 2773 2754 2755
f 2772 2773 2755
f 2752 2775 2776
f 2751 2752 2776
f 2772 2755 2756
f 2771 2772 2756
f 2751 2776 2757
f 2750 2751 2757
f 2771 2756 2737
f 2770 2771 2737
f 2750 2757 2758
f 2749 2750 2758
f 2770 2737 2738
f 2769 2770 2738
f 2749 2758 2759
f 2748 2749 2759
f 2769 2738 2739
f 2768 2769 2739
f 2748 2759 2760
f 2747 2748 2760
f 2768 2739 2740
f 2767 2768 2740
f 2747 2760 2761
f 2746 2747 2761
f 2767 2740 2741
f 2766 2767 2741
f 2746 2761 2762
f 2745 2746 2762
f 2766 2741 2742
f 2765 2766 2742
f 2745 2762 2763
f 2744 2745 2763
f 2765 2742 2743
f 2764 2765 2743
f 2744 2763 2764
f 2743 2744 2764
f 2794 2814 2813
f 2815 2814 2794
f 2815 2794 2793
f 2815 2793 2792
f 2795 2794 2813
f 2795 2813 2812
f 2816 2815 2792
f 2816 2792 2791
f 2796 2795 2812
f 2796 2812 2811
f 2797 2816 2791
f 2797 2791 2790
f 2777 2796 2811
f 2777 2811 2810
f 2798 2797 2790
f 2798 2790 2789
f 2778 2777 2810
f 2778 2810 2809
f 2799 2798 2789
f 2799 2789 2788
f 2779 2778 2809
f 2779 2809 2808
f 2800 2799 2788
f 2800 2788 2787
f 2780 2779 2808
f 2780 2808 2807
f 2801 2800 2787
f 2801 2787 2786
f 2781 2780 2807
f 2781 2807 2806
f 2802 2801 2786
f 2802 2786 2785
f 2782 2781 2806
f 2782 2806 2805
f 2803 2802 2785
f 2803 2785 2784
f 2783 2782 2805
f 2783 2805 2804
f 2804 2803 2784
f 2804 2784 2783
f 2777 2778 2737
f 2737 2778 2738
f 2778 2779 2738
f 2738 2779 2739
f 2779 2780 2739
f 2739 2780 2740
f 2780 2781 2740
f 2740 2781 2741
f 2781 2782 2741
f 2741 2782 2742
f 2782 2783 2742
f 2742 2783 2743
f 2783 2784 2743
f 2743 2784 2744
f 2784 2785 2744
f 2744 2785 2745
f 2785 2786 2745
f 2745 2786 2746
f 2786 2787 2746
f 2746 2787 2747
f 2787 2788 2747
f 2747 2788 2748
f 2788 2789 2748
f 2748 2789 2749
f 2789 2790 2749
f 2749 2790 2750
f 2790 2791 2750
f 2750 2791 2751
f 2791 2792 2751
f 2751 2792 2752
f 2792 2793 2752
f 2752 2793 2753
f 2793 2794 2753
f 2753 2794 2754
f 2794 2795 2754
f 2754 2795 2755
f 2796 2777 2756
f 2756 2777 2737
f 2795 2796 2755
f 2755 2796 2756
f 2797 2798 2757
f 2757 2798 2758
f 2798 2799 2758
f 2758 2799 2759
f 2799 2800 2759
f 2759 2800 2760
f 2800 2801 2760
f 2760 2801 2761
f 2801 2802 2761
f 2761 2802 2762
f 2802 2803 2762
f 2762 2803 2763
f 2803 2804 2763
f 2763 2804 2764
f 2804 2805 2764
f 2764 2805 2765
f 2805 2806 2765
f 2765 2806 2766
f 2806 2807 2766
f 2766 2807 2767
f 2807 2808 2767
f 2767 2808 2768
f 2808 2809 2768
f 2768 2809 2769
f 2809 2810 2769
f 2769 2810 2770
f 2810 2811 2770
f 2770 2811 2771
f 2811 2812 2771
f 2771 2812 2772
f 2812 2813 2772
f 2772 2813 2773
f 2813 2814 2773
f 2773 2814 2774
f 2814 2815 2774
f 2774 2815 2775
f 2816 2797 2776
f 2776 2797 2757
f 2815 2816 2775
f 2775 2816 2776
o R01_Hol_wejsciowy_posadzka
g 04_PODLOGI_POWIERZCHNIE_ODNIESIENIA
usemtl podlogi
v 10.3100000 2.9600000 0.0000000
v 14.9600000 2.9600000 0.0000000
v 14.9600000 4.4600000 0.0000000
v 12.8100000 4.4600000 0.0000000
v 12.8100000 5.6200000 0.0000000
v 10.3100000 5.6200000 0.0000000
f 2822 2817 2818
f 2818 2819 2820
f 2820 2821 2822
f 2820 2822 2818
o R02_Pralnia_posadzka
g 04_PODLOGI_POWIERZCHNIE_ODNIESIENIA
usemtl podlogi
v 15.1100000 2.9600000 0.0000000
v 16.6100000 2.9600000 0.0000000
v 16.6100000 5.6200000 0.0000000
v 15.1100000 5.6200000 0.0000000
f 2826 2823 2824
f 2826 2824 2825
o R03_Lazienka_posadzka
g 04_PODLOGI_POWIERZCHNIE_ODNIESIENIA
usemtl podlogi
v 16.7600000 2.9600000 0.0000000
v 18.7614000 2.9600000 0.0000000
v 18.7614000 5.5400000 0.0000000
v 18.7600000 5.5400000 0.0000000
v 18.7600000 5.6200000 0.0000000
v 16.7600000 5.6200000 0.0000000
f 2832 2827 2828
f 2828 2829 2830
f 2830 2831 2832
f 2830 2832 2828
o R04_Sypialnia_dziecieca_posadzka
g 04_PODLOGI_POWIERZCHNIE_ODNIESIENIA
usemtl podlogi
v 19.0600000 0.5600000 0.0000000
v 21.9350000 0.5600000 0.0000000
v 21.9350000 4.3100000 0.0000000
v 19.0600000 4.3100000 0.0000000
f 2836 2833 2834
f 2836 2834 2835
o R05_Sypialnia_dziecieca_posadzka
g 04_PODLOGI_POWIERZCHNIE_ODNIESIENIA
usemtl podlogi
v 22.0850000 0.5600000 0.0000000
v 24.9600000 0.5600000 0.0000000
v 24.9600000 4.3100000 0.0000000
v 22.0850000 4.3100000 0.0000000
f 2840 2837 2838
f 2840 2838 2839
o R06_Komunikacja_posadzka
g 04_PODLOGI_POWIERZCHNIE_ODNIESIENIA
usemtl podlogi
v 19.0600000 4.4600000 0.0000000
v 24.9600000 4.4600000 0.0000000
v 24.9600000 6.4192000 0.0000000
v 20.3600000 6.4192000 0.0000000
v 20.3600000 5.6200000 0.0000000
v 19.0600000 5.6200000 0.0000000
f 2846 2841 2842
f 2842 2843 2844
f 2842 2844 2845
f 2842 2845 2846
o R07_Lazienka_posadzka
g 04_PODLOGI_POWIERZCHNIE_ODNIESIENIA
usemtl podlogi
v 25.1100000 2.1692000 0.0000000
v 27.7374000 2.1692000 0.0000000
v 27.7374000 6.4192000 0.0000000
v 25.1100000 6.4192000 0.0000000
f 2850 2847 2848
f 2850 2848 2849
o R08_Sypialnia_posadzka
g 04_PODLOGI_POWIERZCHNIE_ODNIESIENIA
usemtl podlogi
v 23.9600000 6.7192000 0.0000000
v 27.4371000 6.7192000 0.0000000
v 27.4371000 10.3600000 0.0000000
v 23.9600000 10.3600000 0.0000000
f 2854 2851 2852
f 2854 2852 2853
o R09_Garderoba_posadzka
g 04_PODLOGI_POWIERZCHNIE_ODNIESIENIA
usemtl podlogi
v 20.2100000 6.7192000 0.0000000
v 23.8100000 6.7192000 0.0000000
v 23.8100000 10.3600000 0.0000000
v 20.2100000 10.3600000 0.0000000
f 2858 2855 2856
f 2858 2856 2857
o R10_Salon_posadzka
g 04_PODLOGI_POWIERZCHNIE_ODNIESIENIA
usemtl podlogi
v 12.9600000 4.6100000 0.0000000
v 14.9600000 4.6100000 0.0000000
v 14.9600000 5.9200000 0.0000000
v 20.0600000 5.9200000 0.0000000
v 20.0600000 10.3600000 0.0000000
v 12.9600000 10.3600000 0.0000000
f 2864 2859 2860
f 2864 2860 2861
f 2864 2861 2862
f 2864 2862 2863
o R11_Kuchnia_jadalnia_posadzka
g 04_PODLOGI_POWIERZCHNIE_ODNIESIENIA
usemtl podlogi
v 7.0100000 5.9200000 0.0000000
v 12.9600000 5.9200000 0.0000000
v 12.9600000 9.3600000 0.0000000
v 7.0100000 9.3600000 0.0000000
f 2868 2865 2866
f 2868 2866 2867
o R12_Pom_gosp_posadzka
g 04_PODLOGI_POWIERZCHNIE_ODNIESIENIA
usemtl podlogi
v 2.9600000 8.9009000 0.0000000
v 6.7100000 8.9009000 0.0000000
v 6.7100000 11.3600000 0.0000000
v 2.9600000 11.3600000 0.0000000
f 2872 2869 2870
f 2872 2870 2871
o R13_Garaz_posadzka
g 04_PODLOGI_POWIERZCHNIE_ODNIESIENIA
usemtl podlogi
v 0.5600000 2.1692000 0.0000000
v 6.7100000 2.1692000 0.0000000
v 6.7100000 8.7509000 0.0000000
v 2.8100000 8.7509000 0.0000000
v 2.8100000 9.3600000 0.0000000
v 0.5600000 9.3600000 0.0000000
f 2878 2873 2874
f 2874 2875 2876
f 2876 2877 2878
f 2876 2878 2874
o R14_Spizarnia_posadzka
g 04_PODLOGI_POWIERZCHNIE_ODNIESIENIA
usemtl podlogi
v 7.0100000 4.2100000 0.0000000
v 10.0100000 4.2100000 0.0000000
v 10.0100000 5.6200000 0.0000000
v 7.0100000 5.6200000 0.0000000
f 2882 2879 2880
f 2882 2880 2881
o R15_Gabinet_posadzka
g 04_PODLOGI_POWIERZCHNIE_ODNIESIENIA
usemtl podlogi
v 7.0100000 0.5600000 0.0000000
v 10.0100000 0.5600000 0.0000000
v 10.0100000 4.0600000 0.0000000
v 7.0100000 4.0600000 0.0000000
f 2886 2883 2884
f 2886 2884 2885
o STROP_plyta_180mm
g 06_STROP
usemtl strop
v 0.2600000 9.6600000 3.1000000
v 2.6600000 9.6600000 3.1000000
v 2.6600000 11.6600000 3.1000000
v 7.0100000 11.6600000 3.1000000
v 7.0100000 9.6600000 3.1000000
v 12.6600000 9.6600000 3.1000000
v 12.6600000 10.6600000 3.1000000
v 27.7371000 10.6600000 3.1000000
v 27.7371000 6.7192000 3.1000000
v 28.0374000 6.7192000 3.1000000
v 28.0374000 1.8692000 3.1000000
v 25.2600000 1.8692000 3.1000000
v 25.2600000 0.2600000 3.1000000
v 18.7600000 0.2600000 3.1000000
v 18.7600000 2.6600000 3.1000000
v 10.3100000 2.6600000 3.1000000
v 10.3100000 0.2600000 3.1000000
v 6.7100000 0.2600000 3.1000000
v 6.7100000 1.8692000 3.1000000
v 0.2600000 1.8692000 3.1000000
v 0.2600000 9.6600000 3.2800000
v 2.6600000 9.6600000 3.2800000
v 2.6600000 11.6600000 3.2800000
v 7.0100000 11.6600000 3.2800000
v 7.0100000 9.6600000 3.2800000
v 12.6600000 9.6600000 3.2800000
v 12.6600000 10.6600000 3.2800000
v 27.7371000 10.6600000 3.2800000
v 27.7371000 6.7192000 3.2800000
v 28.0374000 6.7192000 3.2800000
v 28.0374000 1.8692000 3.2800000
v 25.2600000 1.8692000 3.2800000
v 25.2600000 0.2600000 3.2800000
v 18.7600000 0.2600000 3.2800000
v 18.7600000 2.6600000 3.2800000
v 10.3100000 2.6600000 3.2800000
v 10.3100000 0.2600000 3.2800000
v 6.7100000 0.2600000 3.2800000
v 6.7100000 1.8692000 3.2800000
v 0.2600000 1.8692000 3.2800000
f 2905 2906 2887
f 2903 2904 2905
f 2902 2903 2905
f 2899 2900 2901
f 2898 2899 2901
f 2897 2898 2901
f 2896 2897 2901
f 2895 2896 2901
f 2894 2895 2901
f 2893 2894 2901
f 2892 2893 2901
f 2891 2892 2901
f 2889 2890 2891
f 2888 2889 2891
f 2905 2887 2888
f 2902 2905 2888
f 2901 2902 2888
f 2891 2901 2888
f 2907 2926 2925
f 2925 2924 2923
f 2925 2923 2922
f 2921 2920 2919
f 2921 2919 2918
f 2921 2918 2917
f 2921 2917 2916
f 2921 2916 2915
f 2921 2915 2914
f 2921 2914 2913
f 2921 2913 2912
f 2921 2912 2911
f 2911 2910 2909
f 2911 2909 2908
f 2908 2907 2925
f 2908 2925 2922
f 2908 2922 2921
f 2908 2921 2911
f 2907 2908 2887
f 2887 2908 2888
f 2908 2909 2888
f 2888 2909 2889
f 2909 2910 2889
f 2889 2910 2890
f 2910 2911 2890
f 2890 2911 2891
f 2911 2912 2891
f 2891 2912 2892
f 2912 2913 2892
f 2892 2913 2893
f 2913 2914 2893
f 2893 2914 2894
f 2914 2915 2894
f 2894 2915 2895
f 2915 2916 2895
f 2895 2916 2896
f 2916 2917 2896
f 2896 2917 2897
f 2917 2918 2897
f 2897 2918 2898
f 2918 2919 2898
f 2898 2919 2899
f 2919 2920 2899
f 2899 2920 2900
f 2920 2921 2900
f 2900 2921 2901
f 2921 2922 2901
f 2901 2922 2902
f 2922 2923 2902
f 2902 2923 2903
f 2923 2924 2903
f 2903 2924 2904
f 2924 2925 2904
f 2904 2925 2905
f 2926 2907 2906
f 2906 2907 2887
f 2925 2926 2905
f 2905 2926 2906
o STROP_izolacja_obwodowa
g 06_STROP
usemtl izolacja
v 2.4000000 9.9200000 3.1000000
v 2.4000000 11.9200000 3.1000000
v 7.2700000 11.9200000 3.1000000
v 7.2700000 9.9200000 3.1000000
v 12.4000000 9.9200000 3.1000000
v 12.4000000 10.9200000 3.1000000
v 27.9971000 10.9200000 3.1000000
v 27.9971000 6.9792000 3.1000000
v 28.2974000 6.9792000 3.1000000
v 28.2974000 1.6092000 3.1000000
v 25.5200000 1.6092000 3.1000000
v 25.5200000 0.0000000 3.1000000
v 18.5000000 0.0000000 3.1000000
v 18.5000000 2.4000000 3.1000000
v 10.5700000 2.4000000 3.1000000
v 10.5700000 0.0000000 3.1000000
v 6.4500000 0.0000000 3.1000000
v 6.4500000 1.6092000 3.1000000
v 0.0000000 1.6092000 3.1000000
v 0.0000000 9.9200000 3.1000000
v 6.7100000 0.2600000 3.1000000
v 10.3100000 0.2600000 3.1000000
v 10.3100000 2.6600000 3.1000000
v 18.7600000 2.6600000 3.1000000
v 18.7600000 0.2600000 3.1000000
v 25.2600000 0.2600000 3.1000000
v 25.2600000 1.8692000 3.1000000
v 28.0374000 1.8692000 3.1000000
v 28.0374000 6.7192000 3.1000000
v 27.7371000 6.7192000 3.1000000
v 27.7371000 10.6600000 3.1000000
v 12.6600000 10.6600000 3.1000000
v 12.6600000 9.6600000 3.1000000
v 7.0100000 9.6600000 3.1000000
v 7.0100000 11.6600000 3.1000000
v 2.6600000 11.6600000 3.1000000
v 2.6600000 9.6600000 3.1000000
v 0.2600000 9.6600000 3.1000000
v 0.2600000 1.8692000 3.1000000
v 6.7100000 1.8692000 3.1000000
v 2.4000000 9.9200000 3.2800000
v 2.4000000 11.9200000 3.2800000
v 7.2700000 11.9200000 3.2800000
v 7.2700000 9.9200000 3.2800000
v 12.4000000 9.9200000 3.2800000
v 12.4000000 10.9200000 3.2800000
v 27.9971000 10.9200000 3.2800000
v 27.9971000 6.9792000 3.2800000
v 28.2974000 6.9792000 3.2800000
v 28.2974000 1.6092000 3.2800000
v 25.5200000 1.6092000 3.2800000
v 25.5200000 0.0000000 3.2800000
v 18.5000000 0.0000000 3.2800000
v 18.5000000 2.4000000 3.2800000
v 10.5700000 2.4000000 3.2800000
v 10.5700000 0.0000000 3.2800000
v 6.4500000 0.0000000 3.2800000
v 6.4500000 1.6092000 3.2800000
v 0.0000000 1.6092000 3.2800000
v 0.0000000 9.9200000 3.2800000
v 6.7100000 0.2600000 3.2800000
v 10.3100000 0.2600000 3.2800000
v 10.3100000 2.6600000 3.2800000
v 18.7600000 2.6600000 3.2800000
v 18.7600000 0.2600000 3.2800000
v 25.2600000 0.2600000 3.2800000
v 25.2600000 1.8692000 3.2800000
v 28.0374000 1.8692000 3.2800000
v 28.0374000 6.7192000 3.2800000
v 27.7371000 6.7192000 3.2800000
v 27.7371000 10.6600000 3.2800000
v 12.6600000 10.6600000 3.2800000
v 12.6600000 9.6600000 3.2800000
v 7.0100000 9.6600000 3.2800000
v 7.0100000 11.6600000 3.2800000
v 2.6600000 11.6600000 3.2800000
v 2.6600000 9.6600000 3.2800000
v 0.2600000 9.6600000 3.2800000
v 0.2600000 1.8692000 3.2800000
v 6.7100000 1.8692000 3.2800000
f 2964 2965 2945
f 2945 2965 2966
f 2944 2945 2966
f 2943 2944 2966
f 2964 2945 2946
f 2963 2964 2946
f 2943 2966 2947
f 2942 2943 2947
f 2963 2946 2927
f 2962 2963 2927
f 2942 2947 2948
f 2941 2942 2948
f 2962 2927 2928
f 2961 2962 2928
f 2941 2948 2949
f 2940 2941 2949
f 2961 2928 2929
f 2960 2961 2929
f 2940 2949 2950
f 2939 2940 2950
f 2960 2929 2930
f 2959 2960 2930
f 2939 2950 2951
f 2938 2939 2951
f 2959 2930 2931
f 2958 2959 2931
f 2938 2951 2952
f 2937 2938 2952
f 2958 2931 2932
f 2957 2958 2932
f 2937 2952 2953
f 2936 2937 2953
f 2957 2932 2933
f 2956 2957 2933
f 2936 2953 2954
f 2935 2936 2954
f 2956 2933 2934
f 2955 2956 2934
f 2935 2954 2955
f 2934 2935 2955
f 2985 3005 3004
f 3006 3005 2985
f 3006 2985 2984
f 3006 2984 2983
f 2986 2985 3004
f 2986 3004 3003
f 2987 3006 2983
f 2987 2983 2982
f 2967 2986 3003
f 2967 3003 3002
f 2988 2987 2982
f 2988 2982 2981
f 2968 2967 3002
f 2968 3002 3001
f 2989 2988 2981
f 2989 2981 2980
f 2969 2968 3001
f 2969 3001 3000
f 2990 2989 2980
f 2990 2980 2979
f 2970 2969 3000
f 2970 3000 2999
f 2991 2990 2979
f 2991 2979 2978
f 2971 2970 2999
f 2971 2999 2998
f 2992 2991 2978
f 2992 2978 2977
f 2972 2971 2998
f 2972 2998 2997
f 2993 2992 2977
f 2993 2977 2976
f 2973 2972 2997
f 2973 2997 2996
f 2994 2993 2976
f 2994 2976 2975
f 2974 2973 2996
f 2974 2996 2995
f 2995 2994 2975
f 2995 2975 2974
f 2967 2968 2927
f 2927 2968 2928
f 2968 2969 2928
f 2928 2969 2929
f 2969 2970 2929
f 2929 2970 2930
f 2970 2971 2930
f 2930 2971 2931
f 2971 2972 2931
f 2931 2972 2932
f 2972 2973 2932
f 2932 2973 2933
f 2973 2974 2933
f 2933 2974 2934
f 2974 2975 2934
f 2934 2975 2935
f 2975 2976 2935
f 2935 2976 2936
f 2976 2977 2936
f 2936 2977 2937
f 2977 2978 2937
f 2937 2978 2938
f 2978 2979 2938
f 2938 2979 2939
f 2979 2980 2939
f 2939 2980 2940
f 2980 2981 2940
f 2940 2981 2941
f 2981 2982 2941
f 2941 2982 2942
f 2982 2983 2942
f 2942 2983 2943
f 2983 2984 2943
f 2943 2984 2944
f 2984 2985 2944
f 2944 2985 2945
f 2986 2967 2946
f 2946 2967 2927
f 2985 2986 2945
f 2945 2986 2946
f 2987 2988 2947
f 2947 2988 2948
f 2988 2989 2948
f 2948 2989 2949
f 2989 2990 2949
f 2949 2990 2950
f 2990 2991 2950
f 2950 2991 2951
f 2991 2992 2951
f 2951 2992 2952
f 2992 2993 2952
f 2952 2993 2953
f 2993 2994 2953
f 2953 2994 2954
f 2994 2995 2954
f 2954 2995 2955
f 2995 2996 2955
f 2955 2996 2956
f 2996 2997 2956
f 2956 2997 2957
f 2997 2998 2957
f 2957 2998 2958
f 2998 2999 2958
f 2958 2999 2959
f 2999 3000 2959
f 2959 3000 2960
f 3000 3001 2960
f 2960 3001 2961
f 3001 3002 2961
f 2961 3002 2962
f 3002 3003 2962
f 2962 3003 2963
f 3003 3004 2963
f 2963 3004 2964
f 3004 3005 2964
f 2964 3005 2965
f 3006 2987 2966
f 2966 2987 2947
f 3005 3006 2965
f 2965 3006 2966
o DACH_wypelnienie_BEZ_SPADKOW
g 07_DACH_UPROSZCZONY
usemtl dach
v 6.5600000 11.2100000 3.2800000
v 6.5600000 9.2100000 3.2800000
v 13.1100000 9.2100000 3.2800000
v 13.1100000 10.2100000 3.2800000
v 27.2874000 10.2100000 3.2800000
v 27.2874000 6.2692000 3.2800000
v 27.5874000 6.2692000 3.2800000
v 27.5874000 2.3192000 3.2800000
v 24.8100000 2.3192000 3.2800000
v 24.8100000 0.7100000 3.2800000
v 19.2100000 0.7100000 3.2800000
v 19.2100000 3.1100000 3.2800000
v 9.8600000 3.1100000 3.2800000
v 9.8600000 0.7100000 3.2800000
v 7.1600000 0.7100000 3.2800000
v 7.1600000 2.3192000 3.2800000
v 0.7100000 2.3192000 3.2800000
v 0.7100000 9.2100000 3.2800000
v 3.1100000 9.2100000 3.2800000
v 3.1100000 11.2100000 3.2800000
v 6.5600000 11.2100000 3.8500000
v 6.5600000 9.2100000 3.8500000
v 13.1100000 9.2100000 3.8500000
v 13.1100000 10.2100000 3.8500000
v 27.2874000 10.2100000 3.8500000
v 27.2874000 6.2692000 3.8500000
v 27.5874000 6.2692000 3.8500000
v 27.5874000 2.3192000 3.8500000
v 24.8100000 2.3192000 3.8500000
v 24.8100000 0.7100000 3.8500000
v 19.2100000 0.7100000 3.8500000
v 19.2100000 3.1100000 3.8500000
v 9.8600000 3.1100000 3.8500000
v 9.8600000 0.7100000 3.8500000
v 7.1600000 0.7100000 3.8500000
v 7.1600000 2.3192000 3.8500000
v 0.7100000 2.3192000 3.8500000
v 0.7100000 9.2100000 3.8500000
v 3.1100000 9.2100000 3.8500000
v 3.1100000 11.2100000 3.8500000
f 3025 3026 3007
f 3023 3024 3025
f 3022 3023 3025
f 3020 3021 3022
f 3019 3020 3022
f 3016 3017 3018
f 3015 3016 3018
f 3014 3015 3018
f 3013 3014 3018
f 3012 3013 3018
f 3011 3012 3018
f 3010 3011 3018
f 3009 3010 3018
f 3008 3009 3018
f 3025 3007 3008
f 3022 3025 3008
f 3019 3022 3008
f 3018 3019 3008
f 3027 3046 3045
f 3045 3044 3043
f 3045 3043 3042
f 3042 3041 3040
f 3042 3040 3039
f 3038 3037 3036
f 3038 3036 3035
f 3038 3035 3034
f 3038 3034 3033
f 3038 3033 3032
f 3038 3032 3031
f 3038 3031 3030
f 3038 3030 3029
f 3038 3029 3028
f 3028 3027 3045
f 3028 3045 3042
f 3028 3042 3039
f 3028 3039 3038
f 3027 3028 3007
f 3007 3028 3008
f 3028 3029 3008
f 3008 3029 3009
f 3029 3030 3009
f 3009 3030 3010
f 3030 3031 3010
f 3010 3031 3011
f 3031 3032 3011
f 3011 3032 3012
f 3032 3033 3012
f 3012 3033 3013
f 3033 3034 3013
f 3013 3034 3014
f 3034 3035 3014
f 3014 3035 3015
f 3035 3036 3015
f 3015 3036 3016
f 3036 3037 3016
f 3016 3037 3017
f 3037 3038 3017
f 3017 3038 3018
f 3038 3039 3018
f 3018 3039 3019
f 3039 3040 3019
f 3019 3040 3020
f 3040 3041 3020
f 3020 3041 3021
f 3041 3042 3021
f 3021 3042 3022
f 3042 3043 3022
f 3022 3043 3023
f 3043 3044 3023
f 3023 3044 3024
f 3044 3045 3024
f 3024 3045 3025
f 3046 3027 3026
f 3026 3027 3007
f 3045 3046 3025
f 3025 3046 3026
o DACH_attyka
g 07_DACH_UPROSZCZONY
usemtl attyka
v 7.2700000 9.9200000 3.2800000
v 12.4000000 9.9200000 3.2800000
v 12.4000000 10.9200000 3.2800000
v 27.9974000 10.9200000 3.2800000
v 27.9974000 6.9792000 3.2800000
v 28.2974000 6.9792000 3.2800000
v 28.2974000 1.6092000 3.2800000
v 25.5200000 1.6092000 3.2800000
v 25.5200000 0.0000000 3.2800000
v 18.5000000 0.0000000 3.2800000
v 18.5000000 2.4000000 3.2800000
v 10.5700000 2.4000000 3.2800000
v 10.5700000 0.0000000 3.2800000
v 6.4500000 0.0000000 3.2800000
v 6.4500000 1.6092000 3.2800000
v 0.0000000 1.6092000 3.2800000
v 0.0000000 9.9200000 3.2800000
v 2.4000000 9.9200000 3.2800000
v 2.4000000 11.9200000 3.2800000
v 7.2700000 11.9200000 3.2800000
v 0.7100000 9.2100000 3.2800000
v 0.7100000 2.3192000 3.2800000
v 7.1600000 2.3192000 3.2800000
v 7.1600000 0.7100000 3.2800000
v 9.8600000 0.7100000 3.2800000
v 9.8600000 3.1100000 3.2800000
v 19.2100000 3.1100000 3.2800000
v 19.2100000 0.7100000 3.2800000
v 24.8100000 0.7100000 3.2800000
v 24.8100000 2.3192000 3.2800000
v 27.5874000 2.3192000 3.2800000
v 27.5874000 6.2692000 3.2800000
v 27.2874000 6.2692000 3.2800000
v 27.2874000 10.2100000 3.2800000
v 13.1100000 10.2100000 3.2800000
v 13.1100000 9.2100000 3.2800000
v 6.5600000 9.2100000 3.2800000
v 6.5600000 11.2100000 3.2800000
v 3.1100000 11.2100000 3.2800000
v 3.1100000 9.2100000 3.2800000
v 7.2700000 9.9200000 4.1500000
v 12.4000000 9.9200000 4.1500000
v 12.4000000 10.9200000 4.1500000
v 27.9974000 10.9200000 4.1500000
v 27.9974000 6.9792000 4.1500000
v 28.2974000 6.9792000 4.1500000
v 28.2974000 1.6092000 4.1500000
v 25.5200000 1.6092000 4.1500000
v 25.5200000 0.0000000 4.1500000
v 18.5000000 0.0000000 4.1500000
v 18.5000000 2.4000000 4.1500000
v 10.5700000 2.4000000 4.1500000
v 10.5700000 0.0000000 4.1500000
v 6.4500000 0.0000000 4.1500000
v 6.4500000 1.6092000 4.1500000
v 0.0000000 1.6092000 4.1500000
v 0.0000000 9.9200000 4.1500000
v 2.4000000 9.9200000 4.1500000
v 2.4000000 11.9200000 4.1500000
v 7.2700000 11.9200000 4.1500000
v 0.7100000 9.2100000 4.1500000
v 0.7100000 2.3192000 4.1500000
v 7.1600000 2.3192000 4.1500000
v 7.1600000 0.7100000 4.1500000
v 9.8600000 0.7100000 4.1500000
v 9.8600000 3.1100000 4.1500000
v 19.2100000 3.1100000 4.1500000
v 19.2100000 0.7100000 4.1500000
v 24.8100000 0.7100000 4.1500000
v 24.8100000 2.3192000 4.1500000
v 27.5874000 2.3192000 4.1500000
v 27.5874000 6.2692000 4.1500000
v 27.2874000 6.2692000 4.1500000
v 27.2874000 10.2100000 4.1500000
v 13.1100000 10.2100000 4.1500000
v 13.1100000 9.2100000 4.1500000
v 6.5600000 9.2100000 4.1500000
v 6.5600000 11.2100000 4.1500000
v 3.1100000 11.2100000 4.1500000
v 3.1100000 9.2100000 4.1500000
f 3067 3068 3062
f 3078 3079 3080
f 3062 3068 3069
f 3061 3062 3069
f 3060 3061 3069
f 3051 3052 3053
f 3067 3062 3063
f 3086 3067 3063
f 3060 3069 3070
f 3059 3060 3070
f 3086 3063 3064
f 3085 3086 3064
f 3059 3070 3071
f 3058 3059 3071
f 3085 3064 3065
f 3084 3085 3065
f 3058 3071 3072
f 3057 3058 3072
f 3084 3065 3066
f 3083 3084 3066
f 3057 3072 3073
f 3056 3057 3073
f 3083 3066 3047
f 3082 3083 3047
f 3056 3073 3074
f 3055 3056 3074
f 3082 3047 3048
f 3081 3082 3048
f 3055 3074 3075
f 3054 3055 3075
f 3081 3048 3049
f 3080 3081 3049
f 3054 3075 3076
f 3053 3054 3076
f 3080 3049 3050
f 3078 3080 3050
f 3077 3078 3050
f 3053 3076 3077
f 3051 3053 3077
f 3050 3051 3077
f 3102 3108 3107
f 3120 3119 3118
f 3109 3108 3102
f 3109 3102 3101
f 3109 3101 3100
f 3093 3092 3091
f 3103 3102 3107
f 3103 3107 3126
f 3110 3109 3100
f 3110 3100 3099
f 3104 3103 3126
f 3104 3126 3125
f 3111 3110 3099
f 3111 3099 3098
f 3105 3104 3125
f 3105 3125 3124
f 3112 3111 3098
f 3112 3098 3097
f 3106 3105 3124
f 3106 3124 3123
f 3113 3112 3097
f 3113 3097 3096
f 3087 3106 3123
f 3087 3123 3122
f 3114 3113 3096
f 3114 3096 3095
f 3088 3087 3122
f 3088 3122 3121
f 3115 3114 3095
f 3115 3095 3094
f 3089 3088 3121
f 3089 3121 3120
f 3116 3115 3094
f 3116 3094 3093
f 3090 3089 3120
f 3090 3120 3118
f 3090 3118 3117
f 3117 3116 3093
f 3117 3093 3091
f 3117 3091 3090
f 3087 3088 3047
f 3047 3088 3048
f 3088 3089 3048
f 3048 3089 3049
f 3089 3090 3049
f 3049 3090 3050
f 3090 3091 3050
f 3050 3091 3051
f 3091 3092 3051
f 3051 3092 3052
f 3092 3093 3052
f 3052 3093 3053
f 3093 3094 3053
f 3053 3094 3054
f 3094 3095 3054
f 3054 3095 3055
f 3095 3096 3055
f 3055 3096 3056
f 3096 3097 3056
f 3056 3097 3057
f 3097 3098 3057
f 3057 3098 3058
f 3098 3099 3058
f 3058 3099 3059
f 3099 3100 3059
f 3059 3100 3060
f 3100 3101 3060
f 3060 3101 3061
f 3101 3102 3061
f 3061 3102 3062
f 3102 3103 3062
f 3062 3103 3063
f 3103 3104 3063
f 3063 3104 3064
f 3104 3105 3064
f 3064 3105 3065
f 3106 3087 3066
f 3066 3087 3047
f 3105 3106 3065
f 3065 3106 3066
f 3107 3108 3067
f 3067 3108 3068
f 3108 3109 3068
f 3068 3109 3069
f 3109 3110 3069
f 3069 3110 3070
f 3110 3111 3070
f 3070 3111 3071
f 3111 3112 3071
f 3071 3112 3072
f 3112 3113 3072
f 3072 3113 3073
f 3113 3114 3073
f 3073 3114 3074
f 3114 3115 3074
f 3074 3115 3075
f 3115 3116 3075
f 3075 3116 3076
f 3116 3117 3076
f 3076 3117 3077
f 3117 3118 3077
f 3077 3118 3078
f 3118 3119 3078
f 3078 3119 3079
f 3119 3120 3079
f 3079 3120 3080
f 3120 3121 3080
f 3080 3121 3081
f 3121 3122 3081
f 3081 3122 3082
f 3122 3123 3082
f 3082 3123 3083
f 3123 3124 3083
f 3083 3124 3084
f 3124 3125 3084
f 3084 3125 3085
f 3126 3107 3086
f 3086 3107 3067
f 3125 3126 3085
f 3085 3126 3086
